IDs,1,2,3,4,5,6,7,8,9,10,11,12,13,14,15,16,17,18,19,20,21,22,23,24,25,26
anj,0,1,0,1,0,1,0,0,0,0,1,0,1,0,1,0,1,0,0,0,0,0,0,0,0,0,0
ala,1,0,0,1,0,1,0,0,1,0,1,0,1,0,1,0,0,1,0,0,0,0,0,0,0,0,0
ndr,1,1,1,1,1,1,1,1,1,0,1,0,0,0,1,1,1,1,0,0,0,0,0,0,0,0,0
nav,1,0,1,0,1,1,1,0,0,0,0,0,0,0,1,1,1,1,0,0,1,0,0,0,0,0,0
van,1,1,1,1,0,0,1,1,1,0,1,1,0,0,1,1,0,1,0,0,1,0,0,0,1,0,0
uma,0,1,1,0,1,1,0,1,1,0,1,1,1,0,0,1,0,0,0,0,0,0,0,0,0,0,0
ngh,1,0,1,1,0,1,1,0,1,0,1,1,1,1,1,0,1,1,1,1,1,0,1,1,0,1,1
nat,0,0,0,0,0,1,0,0,1,0,1,0,0,0,1,0,0,1,0,0,1,0,0,0,0,0,0
thy,1,0,0,1,0,1,1,0,1,0,1,1,1,0,1,1,0,1,0,0,0,0,0,0,0,0,0
sk,1,1,1,1,1,1,1,1,1,0,1,1,1,1,1,1,1,1,0,0,0,0,0,0,0,0,0
cmr,1,0,0,0,0,1,0,0,1,0,0,1,0,0,1,1,0,1,1,0,0,0,0,0,0,0,0
ris,1,1,1,1,0,1,1,1,1,1,0,1,1,1,0,1,1,1,1,1,0,1,0,0,1,1,1
ngh,1,1,1,1,1,0,1,1,0,1,1,1,1,1,1,1,1,1,0,0,0,0,0,0,0,0,0
swa,0,1,1,0,0,1,0,1,1,0,1,1,0,0,1,0,1,1,0,0,0,0,0,0,0,0,0
dra,1,1,1,1,0,1,1,1,1,1,1,1,1,1,1,0,1,1,0,0,0,0,0,0,0,0,0
ari,0,0,1,0,0,1,1,0,0,0,0,0,0,1,1,1,0,0,0,0,0,0,0,0,0,0,0
nir,1,1,1,1,1,1,1,1,1,0,1,1,1,0,1,1,1,1,0,0,1,0,1,0,0,1,1
ach,1,0,0,0,0,1,0,1,0,1,1,0,0,1,0,1,1,0,0,1,0,1,0,0,0,0,0
tta,1,0,1,1,1,0,1,1,1,0,1,0,1,1,1,1,1,1,1,1,1,0,1,1,0,1,1
yil,1,0,1,0,0,1,1,0,0,1,1,1,1,0,1,1,1,1,0,0,0,0,0,0,0,0,0
ppu,1,1,1,1,1,1,1,1,1,1,1,1,1,1,1,1,1,1,1,1,1,0,1,1,0,1,1
ss,1,0,0,0,1,1,1,1,1,1,1,1,1,0,1,1,1,1,1,1,0,0,0,0,0,0,0
ain,1,1,1,1,1,1,1,1,1,0,1,0,1,1,0,1,1,1,0,0,0,0,0,0,0,0,0
man,1,1,0,1,1,1,1,0,1,1,1,0,1,0,1,0,0,1,0,1,1,0,1,0,0,1,1
aar,1,1,1,0,1,1,1,0,1,0,1,1,0,0,1,1,0,1,1,1,1,1,1,0,0,1,1
abm,1,1,1,0,1,1,1,0,1,0,1,1,0,0,1,1,0,1,1,1,1,1,1,0,0,1,1
bus,1,1,1,1,1,1,1,1,1,1,1,1,0,1,1,1,1,1,1,1,1,1,1,1,1,1,1
bum,1,0,0,0,0,1,1,1,1,0,1,0,1,0,1,1,1,0,1,0,0,0,1,1,0,1,1
kal,1,0,1,1,1,1,1,1,1,1,1,1,1,1,1,1,1,1,1,1,1,1,1,1,0,1,1
thi,1,0,0,0,1,1,0,0,1,0,0,0,0,0,1,1,0,1,1,0,0,1,1,1,0,1,1
hat,1,0,0,0,0,1,1,0,1,1,1,0,1,0,1,0,0,1,0,0,0,0,0,0,1,0,0
ose,1,1,1,0,1,1,1,0,1,1,1,0,0,0,1,0,1,1,0,0,0,0,1,0,0,1,1
aik,1,0,1,0,0,1,1,0,1,0,1,0,1,0,1,1,1,1,0,0,0,0,0,1,0,0,0
han,1,0,0,0,0,1,1,1,1,0,1,1,1,0,1,1,1,0,0,0,0,1,1,1,0,1,1
nm,1,1,1,0,0,1,1,1,1,0,1,0,0,0,1,1,0,1,1,1,0,0,1,1,0,1,1
yay,1,1,1,0,1,1,1,1,1,1,1,1,1,1,1,1,1,1,1,1,1,1,1,1,0,1,1
ang,1,0,1,1,1,1,1,1,1,1,1,1,1,1,1,0,1,1,1,1,1,1,1,1,0,1,1
iga,1,0,0,0,1,1,1,0,1,0,1,1,1,0,1,1,0,1,1,1,0,1,1,1,0,1,1
sha,1,1,0,1,1,1,1,1,1,1,1,1,0,1,1,1,1,1,1,1,1,1,1,0,1,1,1
vam,0,0,1,1,0,1,1,1,1,0,1,0,0,0,1,1,0,1,0,0,0,0,0,0,0,0,0
sha,0,1,0,0,1,1,0,0,0,0,0,0,1,0,0,1,1,1,0,0,0,0,0,0,0,0,0
lms,0,1,0,0,1,1,0,0,0,0,0,0,1,1,1,1,1,1,0,0,0,0,0,0,0,0,0
ngh,1,0,1,1,1,1,1,1,1,1,1,1,1,1,1,1,1,1,1,1,0,0,0,0,0,0,0
ant,1,0,0,0,0,1,1,0,1,1,1,0,1,1,1,1,1,1,1,0,0,0,1,0,0,0,0
ash,1,1,1,1,1,1,1,1,1,1,1,1,1,0,1,1,1,1,1,1,1,0,1,1,1,1,1
tta,1,1,1,1,1,1,1,1,1,1,1,1,1,1,1,1,1,1,0,1,0,0,1,1,1,1,1
rma,1,1,1,1,1,1,1,1,1,1,1,1,1,1,0,1,1,1,1,1,1,0,1,1,1,1,1
iah,1,1,1,0,0,1,0,0,1,1,1,1,0,0,1,1,0,1,0,0,0,0,0,0,0,0,0
han,1,1,0,0,1,0,1,0,1,0,1,0,0,0,1,1,1,1,1,0,1,1,1,1,0,1,1
kar,1,1,1,1,1,1,1,1,1,0,1,1,1,1,1,1,0,1,1,1,1,0,1,0,0,1,1
gir,1,1,1,1,1,0,0,1,1,1,1,1,1,1,0,0,0,1,1,0,1,0,1,0,0,1,1
hya,0,0,0,0,1,1,0,0,0,0,0,0,0,0,1,1,0,0,0,0,0,0,0,0,0,0,0
ose,1,1,1,0,1,1,1,1,1,0,1,1,1,1,1,1,0,1,0,1,1,0,1,1,0,1,1
nda,1,0,0,0,1,1,1,1,1,1,1,1,1,1,1,1,1,1,0,1,1,0,1,1,0,0,0
eja,1,0,0,1,1,1,1,1,1,1,1,1,0,1,1,1,1,1,1,1,1,1,1,1,1,1,1
amy,1,0,0,0,1,1,1,1,1,1,1,0,1,1,1,0,1,1,1,1,1,0,1,1,1,1,1
ppa,1,1,0,1,0,1,0,0,1,0,1,1,1,0,1,0,1,1,1,1,1,0,0,0,0,1,1
phr,1,1,1,1,1,1,1,0,1,0,1,1,1,0,1,0,1,1,0,0,1,0,0,0,0,0,0
nsg,1,1,0,1,1,1,1,0,0,1,0,0,1,0,1,0,0,1,0,1,1,0,0,0,0,0,0
nti,0,1,0,1,1,1,0,0,1,0,1,0,0,0,1,0,1,1,0,0,0,0,0,0,0,0,0