User_Name,Current_Bank,Card_Type,Grocery,Travelling,Electricity,Internet,EMI,Dining,Entertainment,OTT,Ecommerce,UPI_Transactions,Total_Discount_Earned
User_1,Axis,Cashback,5890,12464,11784,6765,17350,4926,14923,11863,16523,8822,4792.48
User_2,Kotak,Cashback,1269,2933,5811,5551,6920,18068,6896,9166,19442,18931,4369.65
User_3,Axis,Premium,689,19618,3505,2399,1767,18412,11894,4056,4390,9338,4777.45
User_4,Amex,Cashback,15002,11127,9292,11055,10753,8933,10733,11516,3112,16287,4087.21
User_5,Amex,Premium,12706,8726,15041,3652,2085,4443,19957,1521,12153,11305,5711.49
User_6,ICICI,Premium,8489,10192,13490,7373,6175,661,4797,1495,12034,8129,3542.17
User_7,Axis,Cashback,9029,17762,9768,12685,6831,9071,7708,5776,18946,16948,5140.09
User_8,HDFC,Rewards,3068,2527,3195,15922,5758,7236,891,14486,13166,6392,5678.97
User_9,ICICI,Rewards,6684,19983,8892,13567,15765,19988,2954,12337,14539,19615,8072.24
User_10,Kotak,Rewards,10262,5556,15448,8610,14273,17912,1002,7410,13185,706,5003.17
User_11,ICICI,Travel,18368,16434,17747,19674,9255,12883,18641,15320,8074,6874,9232.85
User_12,Amex,Rewards,1559,16698,10414,11317,11421,10289,16812,11752,3193,14431,9073.01
User_13,Axis,Premium,16657,10673,18547,10730,16207,11994,1806,7276,9974,8026,4564.65
User_14,Kotak,Premium,6030,4248,14045,1163,2498,8494,18379,3804,18737,14308,4301.95
User_15,ICICI,Premium,18175,12149,2136,17582,5237,15055,14377,1354,6355,7892,6728.99
User_16,HDFC,Rewards,14449,18591,6291,5431,702,11947,13188,4889,2827,8504,5712.88
User_17,Axis,Travel,697,2430,12274,15587,9839,12089,19395,16208,17543,3311,4826.81
User_18,SBI,Premium,7046,2486,8838,11911,3411,2234,18727,9180,19860,18843,3831.31
User_19,ICICI,Premium,5236,2302,8655,8620,7116,14757,14986,17146,14575,9708,6738.18
User_20,Axis,Premium,13668,2549,5923,15089,19992,7658,10748,7900,10374,15651,4159.97
User_21,SBI,Premium,6795,12683,13374,18532,6039,10137,16086,3057,6092,16982,3885.43
User_22,HDFC,Cashback,3461,14707,12469,3369,17840,14492,6199,4487,13946,1718,4376.08
User_23,HDFC,Premium,11796,5055,9646,8550,13257,17929,7393,18577,14873,15065,7626.0
User_24,Amex,Rewards,11177,6395,17109,16136,7522,9651,6100,8496,9507,13446,6103.97
User_25,Axis,Rewards,11812,8179,8708,19089,11216,17953,3944,11257,14934,1560,5526.13
User_26,Amex,Cashback,801,12968,17490,1199,690,10992,17864,3475,6602,18068,5032.33
User_27,SBI,Premium,2316,1069,5942,2395,19617,4363,13413,7955,4514,11593,1848.73
User_28,ICICI,Rewards,17038,11229,1909,12749,1284,8596,8060,13033,7843,7706,6608.12
User_29,Amex,Travel,19690,17421,6486,18725,11147,9216,19834,12823,5280,2868,8938.62
User_30,Kotak,Premium,11393,13903,13621,11466,1353,17458,18032,10407,5277,15838,5315.94
User_31,Axis,Cashback,15828,15099,3551,16479,16888,1376,4642,15702,7466,7579,3461.96
User_32,Axis,Premium,4965,17519,13917,18577,8811,17714,14598,5677,14762,8808,6583.96
User_33,Kotak,Rewards,1650,2431,9704,18548,1581,17396,13907,8305,5737,17443,5324.73
User_34,HDFC,Premium,16744,13684,3843,14000,10162,17464,15625,8630,2179,4006,6249.17
User_35,Amex,Travel,19628,9935,11810,13796,19025,13745,11651,10957,2979,4952,6965.12
User_36,ICICI,Travel,14569,3349,7890,12422,2989,10323,9707,10040,16864,5111,4902.74
User_37,ICICI,Cashback,16847,1351,18571,7333,12438,2927,4500,5552,3238,5887,2201.43
User_38,SBI,Cashback,6036,13979,4413,17950,11136,6226,3873,12661,2582,16781,2682.56
User_39,ICICI,Travel,11761,917,9308,3767,17709,6245,11838,912,8043,8087,3362.58
User_40,HDFC,Cashback,12157,6488,19388,3467,15027,19670,16548,18006,18455,5573,7356.88
User_41,HDFC,Rewards,2643,7857,12543,3940,6144,11018,15052,3414,14084,12644,5970.68
User_42,Kotak,Premium,14691,1228,18249,1198,7686,15012,14423,17279,7900,4671,5674.86
User_43,HDFC,Rewards,17601,19666,5986,8835,4991,11630,8151,1667,1562,19040,5038.48
User_44,Amex,Travel,11674,5229,9848,5834,9424,4830,7301,5346,7231,15868,3716.87
User_45,ICICI,Travel,3039,7556,12016,11993,2042,14464,18075,6813,19565,18424,7407.44
User_46,Amex,Cashback,14307,10080,18249,9191,7994,4812,1824,3641,2310,7088,2251.17
User_47,Axis,Travel,15985,12214,5248,9935,4209,13616,10076,10650,19956,7030,5774.59
User_48,Amex,Premium,1004,1714,2031,1323,17812,5529,13928,17017,2605,4127,3766.06
User_49,Amex,Premium,2352,5410,11503,14343,12204,16261,6690,18140,6145,10088,6490.14
User_50,Kotak,Travel,3830,19587,9162,7614,13823,1853,11475,11523,1167,9837,3358.95
User_51,Axis,Premium,4219,19629,7983,1039,5464,5335,6542,15337,7812,5820,4560.38
User_52,HDFC,Cashback,3279,17808,2081,13177,6213,17139,5304,18722,10636,509,5722.15
User_53,Kotak,Travel,5624,1515,2693,8915,14050,15012,4658,7470,7438,14272,2948.42
User_54,HDFC,Travel,10844,7766,9202,884,904,8675,15658,13263,18884,10360,4969.82
User_55,Kotak,Rewards,18344,4136,11416,5309,13956,15944,6497,2548,12838,17600,5167.5
User_56,Axis,Travel,5044,5476,13275,10515,3919,14930,7739,14989,17133,10857,4829.25
User_57,SBI,Rewards,4863,10676,17961,8927,9080,5358,10540,19698,15754,11970,3864.29
User_58,Amex,Cashback,12673,5173,16281,13551,7381,7449,10021,8517,7441,10709,3737.81
User_59,Axis,Cashback,10050,5137,5354,10820,19064,5392,7543,17021,19716,4664,4785.57
User_60,ICICI,Travel,14888,6069,4800,6769,4318,12515,12734,18790,6754,17644,5970.17
User_61,SBI,Travel,13147,10411,8972,18771,3766,1166,4688,17555,10661,11814,3321.04
User_62,SBI,Cashback,13391,5277,4400,14216,7481,6876,17407,19277,19477,10660,4446.34
User_63,Kotak,Travel,14624,16782,10988,5740,10953,10978,12894,19762,4932,14068,4920.06
User_64,HDFC,Rewards,18160,802,17522,555,13513,9217,8650,2625,11979,16245,4890.41
User_65,Amex,Travel,5121,15534,14123,5626,5622,18530,17802,19681,6370,2031,9972.58
User_66,Amex,Travel,8173,7382,2406,3586,14003,8652,6250,13272,10767,1562,5010.26
User_67,HDFC,Cashback,6729,17009,15647,5132,6788,4096,11975,6668,10295,8061,3721.1
User_68,SBI,Cashback,6871,14869,13410,8443,12699,16228,7238,16413,2972,19623,3065.98
User_69,ICICI,Premium,2261,10667,11054,17760,14777,4312,18344,18617,2105,6122,6389.72
User_70,Axis,Travel,11089,14418,13546,3090,17947,4824,11287,9611,5842,16889,4644.62
User_71,ICICI,Premium,14543,9337,617,14417,19435,14809,13734,6060,1346,11454,6223.02
User_72,ICICI,Rewards,6969,9833,17108,13319,4708,6783,2548,6733,13441,13107,4486.39
User_73,Kotak,Cashback,2417,7488,18910,15094,13477,509,17144,10365,2719,7541,3316.56
User_74,Amex,Premium,2119,9012,1842,11068,19716,19708,18878,14731,3990,9810,8773.44
User_75,HDFC,Cashback,12719,735,10661,2408,9067,4030,5756,19519,8662,19444,4462.78
User_76,Kotak,Premium,6451,8507,9564,16024,19782,577,8077,17484,14560,17949,5459.41
User_77,HDFC,Travel,11035,10010,7443,12454,8304,7065,6484,5170,19074,9684,4224.24
User_78,HDFC,Cashback,1748,11746,13290,18881,4187,4518,11802,2470,8889,18086,3882.22
User_79,ICICI,Premium,15874,6288,5908,9946,1422,919,19088,11289,1620,11760,4990.23
User_80,Amex,Rewards,17834,2836,5873,2743,19529,5112,14446,18749,11604,13929,6383.99
User_81,Kotak,Cashback,6871,6859,8363,3728,14882,19255,3391,4256,16270,16978,4266.91
User_82,SBI,Rewards,10647,1293,2616,6279,12798,14653,11611,11289,11897,13499,3419.59
User_83,ICICI,Travel,2943,10957,10880,8283,11973,17868,15828,1327,7647,4951,7103.42
User_84,Axis,Cashback,6459,626,9295,12141,7696,12059,3868,4297,15614,14218,3962.62
User_85,HDFC,Travel,3976,3917,2145,15255,19914,19756,3572,2354,5162,7014,4354.93
User_86,Amex,Rewards,10024,6956,4712,13724,8470,17420,2125,10814,8473,9077,7536.8
User_87,ICICI,Rewards,4100,7283,13726,9646,5471,13990,18089,13451,12812,2490,10374.09
User_88,Axis,Travel,13972,4880,5257,19597,10895,16741,6088,17850,5444,13895,4215.62
User_89,HDFC,Cashback,4743,10416,10484,2259,9681,2982,1451,2579,3217,10192,1855.93
User_90,Kotak,Premium,18949,1268,5990,16034,7145,5732,11985,6297,12842,8538,4849.93
User_91,SBI,Premium,5373,1981,10593,14922,16938,8143,16208,11771,17716,13100,4060.41
User_92,SBI,Premium,11182,16880,9019,3800,7222,7718,3554,14075,8470,2643,3612.86
User_93,Kotak,Premium,15649,19422,12675,8856,15570,1322,17827,14789,6650,4925,5716.02
User_94,HDFC,Rewards,3952,9606,14359,18192,9205,10612,5341,15858,1909,5066,7119.34
User_95,Axis,Premium,15096,1304,13721,1779,13692,7583,11593,18271,13380,16017,4709.84
User_96,SBI,Travel,16586,5331,19652,3686,3073,13308,3099,4533,8928,1804,2753.91
User_97,HDFC,Travel,18185,19425,18935,9133,11872,9496,16958,5975,7684,13375,5308.46
User_98,Amex,Travel,17225,18958,8492,16146,17529,4763,14560,15656,9146,12164,8304.23
User_99,ICICI,Cashback,19565,4129,3567,6441,18270,19750,12055,13581,7319,11546,5478.82
User_100,SBI,Travel,3211,5353,8215,9442,16007,16326,2262,16350,12612,13152,2611.13
User_101,SBI,Travel,15036,653,8117,2024,2620,15548,2843,5636,1740,560,1688.2
User_102,SBI,Premium,12812,13850,12918,1752,8863,10150,19206,16814,4590,7460,4027.81
User_103,Amex,Cashback,17213,4140,1841,12355,838,6395,12754,19592,11844,2250,4101.19
User_104,Amex,Travel,7619,5819,16396,12418,14349,5373,5306,9092,12682,17274,4252.78
User_105,Kotak,Rewards,9320,4732,11622,15523,8507,18405,9518,2000,7237,3794,4821.78
User_106,Kotak,Premium,19926,4997,18350,1114,9874,3167,13909,17014,3483,13151,5129.41
User_107,HDFC,Premium,15817,17804,8064,16020,14237,9823,15729,12213,9002,1045,6408.2
User_108,Kotak,Rewards,10496,16275,14419,4310,7706,9505,16871,12816,18916,8936,6616.85
User_109,Axis,Cashback,771,18655,11116,4861,7569,17804,3930,13176,11316,2550,4058.39
User_110,Amex,Travel,2533,645,14769,8332,14786,3132,4994,15652,9655,10926,2392.44
User_111,ICICI,Cashback,12760,9630,5305,1306,8702,2368,15061,16012,15399,16720,5275.82
User_112,Kotak,Cashback,4064,1889,12093,7774,17708,19149,17820,11245,14699,16376,5425.45
User_113,Amex,Travel,7714,1226,19620,14332,11862,18797,10606,8157,19350,15051,6393.86
User_114,SBI,Premium,8406,7787,1392,10722,5175,2433,18264,12373,18174,18524,3780.53
User_115,SBI,Rewards,18102,5516,14274,10252,17838,16085,7791,1474,4633,15163,4183.33
User_116,SBI,Cashback,5795,14413,9605,8728,10403,3520,9487,13380,5733,10016,2596.96
User_117,Kotak,Cashback,19046,19629,2091,11803,6683,1812,7814,19267,2639,15188,4387.69
User_118,SBI,Rewards,18588,7424,862,19488,13981,4238,2969,16606,17440,9517,4510.73
User_119,HDFC,Rewards,15370,13213,8061,3219,12200,4241,10266,4498,19287,16577,4776.55
User_120,Amex,Cashback,794,10677,10382,1636,2564,7509,13487,5043,1507,5945,3437.58
User_121,SBI,Travel,12218,9939,13781,1935,1071,2882,5584,17161,14007,7559,2761.16
User_122,Axis,Travel,7991,15027,17924,15359,8573,9577,19636,11883,16878,2853,6381.16
User_123,Kotak,Premium,17570,12439,2928,11796,8313,14914,12301,12245,13525,3856,6221.04
User_124,Axis,Cashback,7040,16922,3842,9578,3344,10896,17982,18707,14498,13761,5525.01
User_125,Axis,Travel,12222,19780,12145,15583,1488,6946,16835,16633,2182,6126,5855.9
User_126,HDFC,Travel,12655,17817,11925,2480,16022,19940,9484,17675,16383,5890,7108.64
User_127,Axis,Premium,2107,7073,17868,6276,4176,3880,9211,9282,17934,14497,4692.68
User_128,ICICI,Premium,6842,17843,6559,9384,6155,12591,19830,15751,1026,3724,7957.92
User_129,Kotak,Travel,12036,14047,18759,2263,9212,6297,9708,5609,17000,2933,3611.61
User_130,SBI,Premium,4667,18273,8857,6654,9420,18927,17662,713,4262,13899,3197.03
User_131,HDFC,Cashback,7231,6291,16322,9283,14121,16519,3220,9405,9627,16885,5199.04
User_132,HDFC,Cashback,14556,12736,18833,14951,17801,10933,16025,589,18593,10861,5535.74
User_133,ICICI,Rewards,3541,605,9578,18779,6590,6582,17518,2425,18940,7417,8170.67
User_134,HDFC,Rewards,1052,4411,3889,14129,2930,958,13895,707,1399,12153,3000.38
User_135,ICICI,Travel,9101,1394,1014,4609,13758,15813,15849,7679,10826,12287,5377.5
User_136,Amex,Cashback,14112,18150,5280,18811,12394,2856,5290,17190,10681,7557,3619.54
User_137,SBI,Travel,5144,16211,3420,16502,14525,9446,13232,6736,16809,14018,3419.35
User_138,HDFC,Rewards,7505,14536,17042,1456,2571,9095,15640,13303,3953,7175,6663.66
User_139,Axis,Premium,16421,18596,15782,5203,7063,12503,11317,11671,13082,12701,6198.77
User_140,SBI,Rewards,12973,9961,16096,1029,19842,13265,14410,12061,9631,1025,4000.26
User_141,Kotak,Travel,874,12697,5148,2865,18409,2146,513,5099,2778,14796,1982.85
User_142,Axis,Travel,4314,13625,3716,2613,10738,14260,13088,3874,6930,19965,4865.83
User_143,SBI,Travel,17153,11331,6224,11583,13649,9972,6776,16135,6395,14494,3174.84
User_144,Axis,Cashback,11052,17459,6599,9999,3678,19618,6616,16063,4068,10347,3976.03
User_145,Axis,Premium,19087,18274,2242,18809,1119,18158,17840,2439,16501,1468,6731.63
User_146,Amex,Premium,781,15860,6762,1558,11224,5678,7480,9700,1729,8967,5036.34
User_147,Amex,Travel,1739,5870,16670,625,13004,15898,7138,7070,3749,9610,5666.51
User_148,Axis,Travel,12615,6794,6257,13095,2469,11485,17775,4970,10725,10056,4304.46
User_149,HDFC,Rewards,10491,8019,14169,5112,12873,18082,16052,15146,5738,16077,9195.71
User_150,SBI,Travel,16004,4219,802,12644,17870,10555,4940,3572,14098,14787,2666.15
User_151,Kotak,Cashback,10019,13880,12365,8625,3791,4533,5605,17587,8633,17458,4098.23
User_152,HDFC,Cashback,8348,13475,7424,988,7614,16240,3673,2167,4614,4053,3110.79
User_153,ICICI,Cashback,1500,16138,18272,5950,4212,1867,8689,9513,17338,19656,4432.63
User_154,HDFC,Premium,5306,2690,9608,12678,3375,6092,18324,13092,9427,14937,5179.27
User_155,ICICI,Rewards,7510,11707,3489,12540,9718,6971,3363,11193,1677,5260,4518.58
User_156,Axis,Cashback,16853,12056,12063,14551,11522,8734,16673,13678,7070,906,3929.68
User_157,SBI,Rewards,4931,7042,9406,4646,12546,13111,13576,17024,5382,14613,3182.33
User_158,Kotak,Cashback,17847,7651,4110,10384,7394,13967,16989,10373,12789,12708,5282.85
User_159,Amex,Premium,2637,1786,16210,11871,16445,7552,4154,19243,16100,9136,4587.58
User_160,ICICI,Premium,10167,12649,2298,10100,5995,10400,14173,11630,15722,1800,7128.89
User_161,Kotak,Premium,19981,5116,16893,11117,6252,10352,6795,17956,3725,1816,5268.61
User_162,Axis,Travel,7307,4183,7727,3773,645,5510,16535,3540,10154,17366,3313.93
User_163,Axis,Travel,17514,15496,16836,9353,12195,3352,16514,1487,8122,9660,4772.49
User_164,Kotak,Cashback,7152,7921,1269,18227,14614,4858,12043,19233,6199,18125,4681.24
User_165,Kotak,Travel,7264,12823,13531,14552,13140,8343,14710,16956,10606,5689,4691.65
User_166,HDFC,Rewards,17591,18688,7204,4213,5551,11256,2975,4110,4755,14984,4682.38
User_167,Kotak,Premium,8758,8479,2928,12845,7926,9033,5749,19701,10186,14609,5124.01
User_168,Axis,Premium,1161,12575,15288,10560,16336,11026,3874,707,3165,19377,3581.62
User_169,Kotak,Cashback,3583,14211,10623,7623,11254,2179,16401,736,7946,4943,2748.63
User_170,SBI,Premium,9055,19252,17169,648,13895,5395,17896,11523,11199,10215,4064.99
User_171,ICICI,Cashback,16663,6282,19292,17224,3317,15596,19380,5799,10417,18573,6433.44
User_172,Axis,Travel,4906,18326,10882,4937,5935,4607,1060,12829,2326,11921,4406.04
User_173,ICICI,Travel,8129,8825,8193,8764,13186,14216,7221,19862,7873,6407,5995.46
User_174,ICICI,Premium,6156,9484,8786,6401,5417,8929,15216,16295,11638,3030,6584.18
User_175,HDFC,Travel,17932,6272,15976,19413,16251,3464,7637,17847,17420,14391,5612.84
User_176,Amex,Premium,8467,12915,12371,12416,9234,1345,19920,2994,13177,19603,5891.43
User_177,Amex,Rewards,5679,7110,6930,7654,14328,10645,6988,4350,17573,14064,6742.79
User_178,HDFC,Rewards,12668,5948,18063,9574,6906,9300,14583,2138,10840,1882,5699.91
User_179,Axis,Premium,3792,9511,919,12911,5017,15922,10200,6193,1267,18928,3799.94
User_180,SBI,Rewards,2049,10456,6640,11337,4216,4981,7048,19177,5337,8258,2672.26
User_181,Amex,Travel,8493,6042,15328,16552,2885,14808,1171,663,9156,11734,5198.46
User_182,HDFC,Premium,11134,5298,19239,11249,6327,5219,1093,7894,14556,11136,4485.34
User_183,HDFC,Cashback,516,3691,892,6772,17455,4131,6672,9812,19163,9406,4110.81
User_184,ICICI,Premium,19131,16962,8580,7599,15416,7583,9723,5440,3956,8288,5769.97
User_185,SBI,Premium,3211,11780,18552,17031,12589,10642,17249,16087,10366,5031,4154.28
User_186,SBI,Rewards,9464,6993,11259,5939,14973,10265,13779,7011,11983,18130,3595.47
User_187,HDFC,Cashback,19893,12324,18711,7479,10332,13004,7410,14589,2696,6478,4965.44
User_188,ICICI,Travel,1280,10408,6803,15186,4483,10003,17405,13570,12732,5083,7393.72
User_189,SBI,Travel,16877,7628,12389,12775,2961,14791,14536,11935,1185,19044,3232.62
User_190,Amex,Rewards,16490,16922,11236,5375,18140,11682,2696,7665,16497,14715,7387.53
User_191,Kotak,Premium,17530,15071,10451,11273,16640,13557,13000,16421,12370,4582,7049.27
User_192,Axis,Cashback,11017,4254,2224,1876,9206,9394,18537,18950,16906,19344,5558.17
User_193,Kotak,Rewards,6751,9996,3800,9053,4227,17398,17332,6519,15963,10547,6120.72
User_194,ICICI,Travel,12254,3020,3581,1928,4467,6945,15066,14542,11829,2659,5020.44
User_195,Amex,Cashback,19431,19863,15433,10973,19533,11305,3583,17921,14444,8104,5262.52
User_196,HDFC,Premium,19518,4483,2278,5610,12587,18008,17581,2679,10096,5751,5816.57
User_197,Axis,Travel,15371,1513,17110,2328,8409,6088,13609,2523,15037,6391,3066.17
User_198,Axis,Cashback,5536,15879,11322,3063,3792,4086,16587,16600,7143,4459,3654.37
User_199,Kotak,Premium,661,16529,17477,14726,11654,12580,3890,6497,13193,17547,4536.68
User_200,Amex,Premium,1041,5593,13928,11666,17751,16563,10758,16544,5969,6756,6991.58
User_201,HDFC,Travel,1330,2151,18020,19694,10018,13758,16684,1519,10528,12948,5032.62
User_202,HDFC,Travel,1783,17543,18894,2233,19009,19055,16730,14972,13389,3971,7084.09
User_203,Amex,Cashback,8829,2597,14582,14430,10577,6897,3257,18784,19494,18333,4013.0
User_204,SBI,Travel,5517,16870,8499,10695,2596,15933,11095,16441,15578,5605,3536.13
User_205,SBI,Cashback,3339,3884,11351,10553,13993,17569,14639,8031,4783,8236,2655.12
User_206,Axis,Premium,13335,15761,1931,9567,5213,10057,9935,5498,662,2474,3562.2
User_207,Axis,Travel,17515,17789,2514,10333,8396,704,17465,9532,5847,3143,4952.41
User_208,ICICI,Travel,17758,6060,16392,15031,17573,4500,14789,17555,8427,16062,5882.96
User_209,Axis,Premium,12418,9635,6842,18333,12429,3039,4459,13683,5932,19245,3906.7
User_210,Amex,Travel,2253,18822,10623,16876,7088,6804,7845,15852,1097,19946,7508.03
User_211,HDFC,Cashback,10379,1072,8021,6671,18974,14492,12361,12964,2133,18401,4980.57
User_212,Kotak,Travel,4148,15677,13640,18421,14857,13868,3637,597,11907,13222,3478.77
User_213,Amex,Rewards,9035,5166,16509,17494,2227,2354,11300,5555,10771,19208,4771.68
User_214,Axis,Travel,9783,13671,6274,7019,11483,18633,15439,1281,16782,7323,5803.1
User_215,ICICI,Premium,7693,2613,16780,14065,10683,18461,9703,19158,16295,19310,6985.64
User_216,ICICI,Rewards,7352,3051,6911,16891,19439,975,10903,7739,7210,8578,5397.2
User_217,Kotak,Premium,14021,15389,7471,12031,15221,19706,5443,7030,11616,758,5933.11
User_218,SBI,Travel,2398,4635,7129,11668,1112,14703,17571,2807,7633,11705,2326.07
User_219,Kotak,Travel,6406,3091,15649,12650,7683,10602,17553,1783,1423,1625,2621.66
User_220,ICICI,Rewards,8938,16654,8504,10252,11092,4364,726,15536,12239,17148,4642.64
User_221,Axis,Travel,1145,16799,19874,14175,19388,11464,16587,14037,13769,9846,6622.24
User_222,Axis,Premium,9677,4579,3848,18599,11285,12828,6950,13730,5933,1598,3877.02
User_223,HDFC,Rewards,11939,9587,16521,6916,7480,18558,11601,8450,9622,13076,8122.38
User_224,Axis,Cashback,1589,5078,9627,10987,655,2458,11193,6844,6279,4330,2445.4
User_225,SBI,Premium,941,14978,5128,6870,10028,17832,12065,8679,16513,17343,3288.64
User_226,HDFC,Rewards,892,12630,18671,10949,18022,7918,2954,18261,15723,7201,7315.34
User_227,Kotak,Travel,3159,9531,15537,14470,6161,6642,12609,9287,10596,8972,3514.97
User_228,Kotak,Travel,15449,2250,18851,4588,15782,19830,10141,5575,10912,16186,3944.95
User_229,Kotak,Rewards,15932,11502,14447,14186,18415,13574,19874,4993,17817,1960,7102.58
User_230,Amex,Premium,11204,17169,17148,7316,12139,14924,14465,18646,11740,540,9230.66
User_231,Axis,Rewards,8759,17871,15349,16732,8304,5874,3024,9777,19363,10385,5177.76
User_232,Axis,Rewards,1278,1992,17544,18232,14115,12632,10678,8351,16788,7656,5339.94
User_233,Amex,Cashback,14135,9668,17611,11828,13819,842,1947,7081,12351,6817,2542.71
User_234,HDFC,Rewards,17289,15067,15368,10265,12966,18730,18362,11087,1271,16800,9287.29
User_235,SBI,Travel,14303,693,2507,18069,19278,11690,10484,9802,7929,2761,2724.13
User_236,HDFC,Travel,7216,9421,4878,8315,14278,13228,10832,10336,3300,8833,4627.89
User_237,SBI,Premium,6308,7296,10788,18209,18043,5150,5487,15700,5197,17224,3564.63
User_238,Amex,Cashback,17587,13105,5982,18684,5963,14360,5412,5148,1355,3366,4106.03
User_239,SBI,Rewards,17066,3612,4992,15614,2017,16518,18240,11931,8710,12095,4751.34
User_240,Amex,Cashback,9824,12031,7088,3811,1487,3821,16312,5115,16012,13646,4487.31
User_241,Kotak,Rewards,3552,1226,4260,2375,14469,4533,5943,17873,4244,17477,4459.81
User_242,Amex,Rewards,2274,11151,1435,13895,4308,17215,12141,19586,14876,6389,10318.03
User_243,Amex,Cashback,17085,19381,2342,10558,9601,12997,5158,11881,8044,8218,4787.53
User_244,Axis,Rewards,12277,2128,886,6531,6939,13892,19350,2782,2356,16170,4530.17
User_245,Amex,Rewards,5976,9928,5169,12836,9842,7564,7946,18315,6124,7961,6110.56
User_246,Axis,Cashback,14249,18014,3158,4000,2620,4520,10713,3759,10581,2323,3161.43
User_247,SBI,Rewards,13967,7490,3634,18954,17243,15934,15507,10733,16878,1641,4985.14
User_248,Axis,Premium,10635,13466,3861,8335,11672,16890,3767,7064,19490,11911,6137.18
User_249,SBI,Cashback,8111,17797,2511,18326,11746,14290,12238,15230,11620,18713,3810.32
User_250,Amex,Premium,1429,12451,16345,17938,16247,6244,18784,10149,7480,7569,6560.74
User_251,SBI,Rewards,5152,9870,8097,14825,4958,7091,16846,12326,19193,14638,4040.69
User_252,Amex,Rewards,2669,19056,6813,8815,8536,1285,6639,6844,19300,15473,5152.55
User_253,Axis,Cashback,4307,7651,9993,12855,3736,16348,2852,2432,11413,9056,3489.0
User_254,Kotak,Cashback,5998,11082,17830,14365,10069,18323,5357,840,11681,17266,3811.65
User_255,Axis,Cashback,8991,638,858,10214,2127,16496,5504,13783,7152,2651,3114.59
User_256,Kotak,Cashback,12427,7405,19718,12952,16712,19451,1807,15352,3160,10903,4690.49
User_257,Kotak,Rewards,10738,6707,1640,2208,4130,10985,12521,17359,8184,1707,5765.58
User_258,Axis,Cashback,1057,16383,14393,1382,5261,6367,13369,7666,13482,8429,4053.45
User_259,Axis,Travel,14027,2954,18830,13491,3308,7142,4325,4036,15809,4302,3185.22
User_260,ICICI,Premium,18854,6642,19703,9594,864,16188,2363,16999,7584,8516,5240.06
User_261,HDFC,Cashback,15572,4435,13627,14982,8242,16665,2990,13824,18608,19651,6540.98
User_262,ICICI,Premium,3920,6345,4406,19837,12913,776,18883,18111,6837,12444,5860.81
User_263,SBI,Premium,12806,11003,19725,4708,12090,11386,13366,1588,3863,524,3947.62
User_264,Amex,Cashback,10459,13435,8568,19119,7795,8892,11890,8948,10933,15538,4829.19
User_265,HDFC,Travel,16243,9105,2514,1881,1598,9601,687,12448,10707,2592,3714.45
User_266,Amex,Rewards,5742,9049,5685,15771,6276,12949,8323,16217,7855,6965,7734.57
User_267,ICICI,Travel,13824,10850,3055,3451,18122,5227,6186,4201,3280,18472,4325.4
User_268,HDFC,Cashback,16092,936,3328,2056,13864,15561,11076,17066,7690,6065,5196.93
User_269,ICICI,Travel,2089,659,12645,15873,7055,16737,9703,8744,15243,13833,4952.15
User_270,Kotak,Rewards,19191,1728,6090,6085,9727,6546,12737,16149,5445,8427,5812.83
User_271,ICICI,Rewards,13886,7516,14527,16420,14252,18768,18693,3667,12489,14587,11005.2
User_272,HDFC,Travel,15775,5776,9359,8318,5228,19508,6238,6293,5023,6071,4710.64
User_273,Axis,Travel,15746,10880,2724,8889,16427,12184,11140,9162,6861,2448,4341.86
User_274,HDFC,Premium,12492,6818,12680,734,15872,1022,13218,10321,6332,13320,3739.58
User_275,Axis,Rewards,6342,1816,13700,18008,15706,19471,1878,2019,8435,6593,3991.62
User_276,SBI,Premium,9583,6074,13824,2757,13911,15733,16387,2505,18900,11360,4272.29
User_277,Amex,Cashback,18635,15109,16863,17423,15323,18345,9047,12015,734,15062,5577.58
User_278,Amex,Cashback,4713,10793,2173,2600,12349,18699,4341,10697,8516,7511,4934.13
User_279,Kotak,Travel,17558,9078,2658,19545,2564,3753,13328,1901,15693,12596,3315.88
User_280,Axis,Rewards,11523,12450,11204,10843,12367,3245,4366,12456,6318,19106,3941.03
User_281,Kotak,Cashback,15993,18408,8724,4525,19450,19687,6655,14339,1219,15390,4962.85
User_282,Amex,Premium,17856,19091,4926,13012,15564,14267,11808,11977,13403,9180,9225.87
User_283,Amex,Travel,1602,5743,7114,16799,9207,14413,1130,12408,11347,9671,5300.13
User_284,ICICI,Rewards,17161,17116,10244,6190,13901,8159,11101,12204,525,15884,7587.61
User_285,ICICI,Rewards,9152,13879,7506,18878,9182,1572,715,10415,10284,19490,3680.59
User_286,HDFC,Travel,3813,11533,10468,16741,6439,15196,15294,2795,2196,11685,4905.57
User_287,Kotak,Rewards,12501,14850,19667,4144,6920,12337,19529,6853,11041,2432,6080.31
User_288,Kotak,Rewards,5585,6137,1616,11259,12191,992,9311,6974,14885,10238,3889.82
User_289,Axis,Premium,10297,15107,13367,19627,8366,15949,11185,5951,9048,7686,5458.24
User_290,Kotak,Travel,1119,1382,4142,1796,14622,3395,17813,5866,9211,19293,2683.97
User_291,Kotak,Premium,10711,13282,12974,4167,8777,12924,19352,18520,8655,4083,6049.94
User_292,Axis,Travel,10910,19101,5467,19253,11195,9635,6222,16014,11628,4944,6134.43
User_293,SBI,Premium,18560,1696,12797,3287,8427,2676,9292,9671,2951,1128,3722.96
User_294,Kotak,Rewards,8278,4196,19649,13472,8807,5456,10695,17576,1605,19892,5373.31
User_295,ICICI,Cashback,15917,14688,13102,9756,14712,2413,11093,2272,19664,13496,4832.13
User_296,SBI,Premium,13734,17544,11021,11142,1632,1199,15034,10730,6797,13339,4222.58
User_297,Amex,Cashback,5057,2679,11530,9565,8775,18306,15589,3680,7196,10083,5512.26
User_298,SBI,Premium,17498,14369,12257,17154,12758,2968,14708,15542,16139,12046,5792.79
User_299,Amex,Premium,14800,11275,12765,19959,17173,7114,3752,7915,17162,11616,5977.47
User_300,Amex,Rewards,4776,5276,17708,4332,15401,5945,1880,10365,14426,12080,4210.58
User_301,Axis,Rewards,6310,10679,12751,13631,19993,13207,18733,3249,13656,17089,6230.36
User_302,HDFC,Travel,3950,7714,12314,5641,3208,18875,15588,12334,12778,10514,6110.84
User_303,ICICI,Travel,14867,5038,13041,9212,9668,4051,12797,11465,3332,13922,4562.83
User_304,HDFC,Rewards,11656,11608,3300,5810,10444,3110,12567,1604,11228,7763,3763.53
User_305,SBI,Travel,19956,906,14189,666,1008,18545,4164,13550,1180,19408,2393.04
User_306,HDFC,Cashback,4857,1863,10023,2792,2038,3908,9252,18787,674,2730,3395.21
User_307,HDFC,Cashback,7606,10189,12546,18451,1651,8119,6533,9060,5446,2407,4026.25
User_308,SBI,Premium,4673,11565,18177,5269,5296,13546,14711,19856,5497,17876,3494.6
User_309,HDFC,Premium,11078,19124,18360,6926,12099,889,1499,13312,16099,2355,4770.44
User_310,Kotak,Rewards,3263,5486,1981,4231,17335,19977,17766,11258,16811,9066,7144.09
User_311,SBI,Travel,11754,11942,14021,5059,16699,7791,8660,612,16424,17023,3079.04
User_312,HDFC,Travel,11308,6543,7489,6761,1387,19988,16933,16902,12753,19490,6728.24
User_313,Axis,Cashback,13952,13895,4265,19322,16450,13002,10241,6441,5355,15666,3931.3
User_314,ICICI,Cashback,6288,701,11061,17401,8237,2488,15941,12237,14756,7662,5029.86
User_315,SBI,Travel,14614,8899,6133,6255,11325,4617,2018,16846,3100,13737,2324.98
User_316,Axis,Premium,4054,16693,19733,15753,16694,2242,1806,4349,12860,13268,4610.44
User_317,Kotak,Cashback,4695,19439,19189,8119,9780,3142,9869,14796,15938,16174,4574.62
User_318,Kotak,Rewards,15726,1771,2313,19345,8975,4896,9783,13818,17700,582,5685.01
User_319,HDFC,Travel,12183,11836,16096,2593,13405,8867,5785,11396,5437,17253,4336.57
User_320,SBI,Travel,13477,18663,8174,18248,4176,2926,3462,1359,12548,4638,3424.22
User_321,HDFC,Cashback,10909,4517,10951,10778,11496,1634,5619,6194,4664,19230,3071.58
User_322,ICICI,Premium,10942,8752,18221,18068,2051,13125,2129,18410,1861,4870,4767.48
User_323,Axis,Rewards,11058,15424,15339,12449,11126,2493,1369,1514,10603,17486,3297.16
User_324,Kotak,Premium,1190,17373,11248,8524,17178,5988,11535,19796,18757,13355,6073.93
User_325,SBI,Cashback,3317,4958,5807,9433,18925,17563,11159,6238,6168,14927,2479.74
User_326,ICICI,Travel,16946,8329,11251,13950,7852,14016,8826,4144,8503,3778,5501.98
User_327,HDFC,Rewards,3574,13761,11673,8812,2137,14152,5603,17528,2532,3261,7411.72
User_328,Axis,Cashback,17125,3168,15138,16454,17686,12856,695,2687,12207,2830,3347.8
User_329,ICICI,Rewards,560,14887,4427,6796,14122,14625,3091,12627,16248,6621,6604.98
User_330,HDFC,Travel,19738,11587,7472,636,17913,15846,19478,1161,2972,586,4259.11
User_331,HDFC,Premium,16822,15249,7468,19657,14096,2200,3200,12321,18531,6020,5511.69
User_332,Amex,Travel,9337,15455,11781,14417,5257,13545,9412,5233,7581,9190,8107.66
User_333,Kotak,Travel,2173,14818,11671,14045,12303,2794,4130,15593,17030,14953,4061.51
User_334,Kotak,Premium,11102,6128,8828,16034,19889,4052,16902,2742,15165,5597,5180.49
User_335,HDFC,Cashback,6118,4736,2420,11669,4688,12707,738,704,11299,6052,3217.05
User_336,Amex,Premium,11664,4890,19571,16141,6660,16310,5626,1316,13914,692,6671.16
User_337,HDFC,Travel,13316,6814,18672,7874,4200,11155,15629,9859,4393,7311,4801.85
User_338,HDFC,Premium,1004,10313,15171,11238,11686,7273,4316,1217,12176,4934,4083.05
User_339,SBI,Travel,5494,4734,4264,11681,5137,2604,9947,11174,19491,8885,2545.74
User_340,Kotak,Travel,3263,6491,11031,11564,11812,5280,4677,15669,6976,19488,3331.81
User_341,Kotak,Rewards,17415,13008,1134,12496,14662,16886,14505,8897,12827,14894,7025.66
User_342,Kotak,Premium,3390,11358,8526,3806,1397,9777,9971,15396,15740,15183,4636.03
User_343,Axis,Travel,12267,13506,16268,17133,2392,3939,3354,12077,12263,12118,4835.82
User_344,Amex,Rewards,8735,3118,3663,3442,2425,3472,12205,11140,11466,17874,4980.8
User_345,SBI,Cashback,16435,13645,989,12248,19775,4016,6910,553,19459,17499,4136.03
User_346,SBI,Cashback,7904,1454,11125,2129,11473,7359,9341,11039,13182,3778,2822.98
User_347,HDFC,Travel,19445,7039,17254,1357,5386,13445,7985,14180,17267,14897,5531.48
User_348,Kotak,Cashback,4834,19609,12726,13940,15520,4751,12680,16640,1422,19799,4218.37
User_349,Kotak,Travel,19930,16296,1730,11127,10506,5433,14795,16877,703,17044,4384.49
User_350,Axis,Premium,4248,7218,19465,1593,15728,16534,6210,10232,19759,3691,5682.82
User_351,Kotak,Travel,2603,865,14510,12267,16603,13242,12891,4672,16123,2878,3478.59
User_352,HDFC,Travel,12531,6169,3235,10367,8990,1456,9806,7123,15408,18358,3407.71
User_353,Amex,Rewards,14486,13138,19712,3350,13799,11198,19848,5094,14782,16785,10138.82
User_354,Axis,Premium,7144,3350,15433,665,11201,1419,8805,17875,16215,4339,4217.31
User_355,SBI,Travel,12118,14019,11276,567,10288,6160,4978,8710,11422,4021,2615.09
User_356,ICICI,Cashback,7582,5895,15907,19142,11594,1150,6241,13781,7338,19471,3446.89
User_357,Amex,Rewards,18222,5496,12326,3327,14711,5732,2717,14732,14526,19845,4572.6
User_358,SBI,Rewards,7337,7531,15306,4216,3914,18332,1070,19788,13788,19389,3660.11
User_359,Kotak,Rewards,7482,6836,18562,17499,10441,12880,12167,5029,18019,12692,5670.11
User_360,SBI,Rewards,17090,1819,1641,5127,15001,3190,7823,3755,5713,4608,2731.58
User_361,Amex,Travel,19673,10302,11913,15495,13083,5521,19271,7082,13955,13617,6841.72
User_362,SBI,Rewards,17859,1762,7882,3827,19143,10520,18141,17348,14562,7274,4486.02
User_363,HDFC,Premium,1730,9576,4305,15215,6250,16127,13732,3635,7453,2046,5439.22
User_364,ICICI,Travel,17978,2911,19501,14613,4645,3275,13693,13351,13570,4470,4919.34
User_365,Amex,Travel,14619,4831,10795,2442,17075,13904,1361,9775,17533,4634,5232.73
User_366,Axis,Cashback,17920,16851,4631,19032,12557,11849,11986,5957,6579,12953,4070.29
User_367,Kotak,Travel,12798,2511,3873,10835,11192,15027,13273,1789,1947,14639,2876.9
User_368,Kotak,Rewards,19666,8157,5420,10845,8917,17660,5708,1187,17413,13723,5304.72
User_369,HDFC,Rewards,19037,9986,6594,8192,11588,3603,2940,7624,17728,14531,4501.1
User_370,HDFC,Rewards,4415,16287,19993,18118,7087,726,11651,6058,12471,686,5047.91
User_371,HDFC,Premium,11569,3035,2432,2532,1752,6009,5574,14400,15023,2381,4287.29
User_372,Kotak,Rewards,18458,13883,16652,11584,2195,15321,3762,1945,16936,10449,4825.89
User_373,SBI,Premium,18550,7401,19669,1219,9097,7355,19178,8763,15020,12374,5174.73
User_374,ICICI,Rewards,14579,17582,7743,9518,17232,12600,17191,5320,11501,14407,10249.92
User_375,Kotak,Premium,16416,11378,3485,8612,8967,19431,836,10665,19863,13268,6292.38
User_376,HDFC,Rewards,18880,16132,16779,3629,5947,6629,6350,7946,12449,9019,5216.83
User_377,SBI,Travel,1634,11438,16088,8847,6092,18608,17770,11497,1221,9604,2882.38
User_378,Kotak,Rewards,7251,17381,2256,1617,12101,3328,15496,18531,14378,7492,6155.52
User_379,SBI,Premium,17026,19645,3935,7122,13352,15306,11123,2348,3196,2217,4277.69
User_380,HDFC,Premium,3286,14654,13909,4291,4371,2306,18388,13804,18574,16049,5451.1
User_381,Axis,Cashback,3803,19997,16561,15698,18388,11155,9424,10440,4424,10283,3802.15
User_382,Kotak,Travel,13733,13401,691,5417,6331,10660,14182,12891,2374,9562,3849.54
User_383,Axis,Rewards,9721,11910,15019,1551,12725,10265,11882,13080,12489,12439,5570.07
User_384,ICICI,Cashback,807,3859,3676,1751,5866,18401,6726,14830,5391,5492,3976.21
User_385,ICICI,Travel,19747,11348,13755,5067,16579,7013,15735,12255,11651,17067,7004.25
User_386,Axis,Rewards,10090,11488,8178,6198,1773,11741,17980,9997,9607,11773,5764.34
User_387,SBI,Rewards,4747,9720,11203,15972,17154,18070,12892,12456,16141,14498,4482.43
User_388,ICICI,Rewards,19282,13221,7495,12927,14282,2730,7011,17012,9961,5265,6118.89
User_389,SBI,Travel,13772,6052,1127,12489,14280,7089,2544,13671,19225,6384,2889.77
User_390,ICICI,Travel,19809,17858,9675,16760,3172,7779,9162,2487,16974,13448,7279.83
User_391,Axis,Rewards,3273,13659,10378,10678,10877,7847,1508,4283,4798,5168,3065.02
User_392,Amex,Travel,2216,810,14891,1760,13657,11960,17468,14511,3366,14865,4880.82
User_393,SBI,Premium,6751,5439,4506,2125,11456,17774,6578,9423,4461,19388,2649.46
User_394,ICICI,Cashback,18603,14058,7186,2087,10303,17780,10850,19316,11954,16349,6077.93
User_395,Kotak,Travel,5954,9924,4617,9369,11350,18912,14843,7345,5124,9348,3919.75
User_396,Kotak,Cashback,1089,19705,7009,8193,9954,16955,12208,13442,17152,10468,4923.77
User_397,Amex,Premium,9775,13769,906,7884,11768,17869,12295,4985,9401,3118,8546.78
User_398,ICICI,Travel,10103,7428,5868,5121,15219,11626,8066,12806,15586,17887,5608.34
User_399,SBI,Cashback,19350,18823,18519,10390,8595,13219,10783,18779,14731,15198,5283.5
User_400,ICICI,Cashback,2902,5395,11904,15661,9843,11137,2456,7523,14562,14833,3657.3
User_401,Axis,Premium,14531,5327,14199,5024,15693,16723,19168,5813,14098,13558,5641.45
User_402,Kotak,Premium,5387,4354,12958,15036,4058,10272,17845,4075,2918,4698,3462.9
User_403,ICICI,Cashback,7619,19729,10173,5816,16744,17306,12373,4766,8049,19594,5544.42
User_404,Amex,Travel,2157,19425,7263,19959,3664,18937,8979,6237,18331,6509,10537.97
User_405,HDFC,Cashback,9917,9721,3171,7019,4462,13234,13622,4222,5406,7763,3738.94
User_406,Axis,Rewards,11588,1308,9670,16760,17609,11193,8201,18100,19081,14691,5986.59
User_407,SBI,Cashback,14204,2623,12033,17108,14948,15086,2314,13501,17990,17008,4743.51
User_408,Amex,Rewards,3431,14067,14538,12817,3471,2517,2915,19980,2109,1217,3823.94
User_409,ICICI,Cashback,13162,7282,1548,12118,8807,8405,10493,10838,6078,14334,4182.57
User_410,Amex,Cashback,7881,3441,6195,6901,15679,14956,13597,6697,5950,18437,4922.03
User_411,SBI,Cashback,8878,2381,7299,15097,14175,5086,8930,2845,16959,10048,3519.9
User_412,Axis,Rewards,6377,7285,16333,5422,19214,5186,14907,18786,12705,13679,5694.7
User_413,Axis,Cashback,18673,516,13874,17348,18711,6456,16973,5315,19735,3343,4851.49
User_414,Kotak,Cashback,16472,17853,1594,6624,1904,4482,13015,16290,12705,13248,4787.32
User_415,ICICI,Cashback,14471,15116,5433,5426,4469,3465,4819,9475,7608,9641,3126.64
User_416,Axis,Travel,16928,2310,10773,9521,18793,6864,3081,1191,1431,13628,1835.73
User_417,SBI,Rewards,14361,15975,3906,8839,17916,18195,9079,3621,18757,16446,4366.22
User_418,Amex,Travel,18743,12063,7292,14418,10874,5175,1670,9181,11217,12950,5288.65
User_419,HDFC,Cashback,2962,14150,787,18791,1661,17013,2863,6483,17027,8707,5117.34
User_420,Kotak,Rewards,744,17810,3678,2676,5502,1386,14221,12642,3154,12484,4074.76
User_421,HDFC,Rewards,18255,7635,820,5154,16631,11270,7053,12059,9509,13982,6385.13
User_422,SBI,Cashback,7862,16895,17078,3037,19726,15716,19113,3509,14709,16175,3766.98
User_423,Kotak,Travel,14407,4367,16652,5373,9135,797,13595,9536,1515,1884,2620.25
User_424,Kotak,Travel,19234,18153,1760,8201,10901,16019,12364,16181,6043,18765,5151.76
User_425,HDFC,Travel,10579,11244,4309,7706,14246,16495,16535,12171,13710,18293,6163.81
User_426,HDFC,Travel,16053,7952,9218,15359,2672,13658,17163,19553,11585,4481,6625.55
User_427,ICICI,Premium,11053,6635,6073,14231,7689,15041,11378,11587,14167,3276,6592.55
User_428,HDFC,Cashback,8197,15129,8886,17546,8544,10115,15534,5560,11400,6081,4885.23
User_429,Kotak,Travel,11135,14148,7648,19248,14522,6419,16386,7138,5151,1109,3781.78
User_430,Amex,Cashback,4366,17255,17499,2753,5442,12830,1364,1768,7954,14166,4006.55
User_431,HDFC,Premium,12870,5729,16809,19121,4554,1435,12672,11030,16060,16656,5284.77
User_432,Kotak,Rewards,8274,2485,14752,5103,19662,16460,9962,14666,8254,14746,6482.15
User_433,Kotak,Premium,4542,16784,14889,3075,7254,18465,2486,19124,15970,6468,5791.33
User_434,ICICI,Cashback,7993,4603,2576,3494,4244,14966,15023,6094,8031,7871,4854.58
User_435,Axis,Cashback,3644,14490,14583,17126,8454,7769,7630,7328,9344,14720,3897.75
User_436,Axis,Cashback,13897,18383,10791,19042,10664,10950,2535,11963,8477,17741,4312.92
User_437,SBI,Travel,12682,798,1423,13831,19683,7078,5375,12754,18686,11405,2730.98
User_438,ICICI,Rewards,16382,19541,10163,19833,1441,2407,5337,14180,18127,6196,6306.18
User_439,SBI,Premium,13115,1966,18850,875,762,12080,10636,8333,2393,8606,3370.35
User_440,SBI,Cashback,1099,18796,9292,4137,10855,16489,9790,6099,14842,14445,2663.07
User_441,SBI,Premium,14812,7882,9482,8207,17630,5133,17804,9769,14278,7508,4667.65
User_442,Axis,Travel,19265,4118,772,13507,18657,3047,3664,14914,14827,16076,3704.57
User_443,SBI,Travel,17390,16040,7219,8935,11850,4090,10564,18076,18348,890,3701.69
User_444,Amex,Travel,13529,13607,3060,6367,15784,1711,9621,2039,17527,9193,5875.76
User_445,ICICI,Premium,10810,13244,4886,17803,12742,19223,14757,9447,14446,6430,8455.74
User_446,SBI,Premium,16517,1007,1936,12118,9250,16622,7854,11794,14340,4899,4610.85
User_447,Kotak,Travel,16348,4215,15377,8337,1801,7870,19039,6911,6865,15949,3455.75
User_448,Amex,Rewards,1978,6896,8948,11122,17325,10573,3146,5709,7033,7711,5468.15
User_449,Kotak,Rewards,9816,12677,11346,8433,5976,14353,8428,2580,6589,8297,4299.35
User_450,Kotak,Rewards,1404,18153,17288,10474,1684,2225,11880,13557,6106,4456,4312.08
User_451,Axis,Travel,19190,16581,921,6040,16788,16466,16382,5175,9582,13509,5899.6
User_452,Axis,Cashback,7248,6603,18357,19065,19980,11848,10282,6382,6298,10127,3636.18
User_453,Axis,Rewards,10346,13220,9645,5024,7059,8120,19658,3624,9171,12206,5211.68
User_454,ICICI,Rewards,12570,8634,1424,19054,6006,14150,2895,15810,8726,12281,6163.97
User_455,Axis,Rewards,3865,17472,11910,9595,10861,9031,4770,10406,17440,11779,5336.29
User_456,Amex,Rewards,6977,17900,6970,2562,9530,2313,12171,14808,2813,10206,5819.53
User_457,Kotak,Premium,19883,4556,805,14847,2189,4417,3436,4362,15006,14818,4189.9
User_458,Amex,Rewards,6149,18703,16174,18226,6060,15951,19110,1579,14483,15827,11830.8
User_459,Axis,Premium,7735,17697,2531,9014,9595,14787,6411,12195,19537,3840,6518.84
User_460,Amex,Cashback,12935,1641,19781,9781,2538,4770,10546,5183,17378,7616,3811.54
User_461,ICICI,Rewards,2284,4286,9690,5928,7181,7393,13161,15392,10143,10443,7521.65
User_462,HDFC,Cashback,11626,7369,8169,12038,10565,10671,18196,3462,14351,19822,5067.34
User_463,Axis,Cashback,5796,15245,6230,14421,626,6102,18075,19523,13081,16497,5298.48
User_464,Axis,Travel,15497,7171,12771,9376,3387,10154,4586,19145,4680,3341,3722.31
User_465,Amex,Cashback,10804,5258,17510,16734,5514,1875,1681,990,4229,6474,1641.19
User_466,HDFC,Cashback,2382,3487,6085,3659,5030,17565,1573,14243,19271,3193,5298.19
User_467,SBI,Cashback,4840,2656,16684,8466,3080,7757,2659,16672,14400,11940,3137.82
User_468,Axis,Cashback,12521,7272,2127,12164,8719,18869,10213,8988,2681,12094,3429.13
User_469,HDFC,Cashback,19481,1401,9790,18561,3381,13558,6122,1878,18132,6150,4869.75
User_470,ICICI,Premium,9956,7536,6987,17942,18932,4748,19360,5103,13132,720,6483.76
User_471,SBI,Rewards,5318,7849,6118,10356,5076,18755,15707,1962,16405,16752,3676.56
User_472,Amex,Travel,2568,6253,7737,14675,6691,18398,19482,15122,1501,17917,7560.58
User_473,Kotak,Cashback,4976,17362,1015,12978,1691,11360,13948,6797,17155,8834,4082.0
User_474,SBI,Cashback,8487,3832,1287,6722,10373,17506,4176,3072,7415,5533,2339.69
User_475,Amex,Travel,11952,5212,566,16355,12978,8033,15603,5116,13777,18024,5484.39
User_476,SBI,Rewards,11224,12272,16768,13440,17432,15143,698,17455,17674,10330,4710.7
User_477,Amex,Rewards,11969,678,19128,17618,1298,8101,3295,12996,5088,7797,4375.73
User_478,HDFC,Cashback,11610,1231,1629,2105,12470,11437,11862,3433,15687,5574,3923.25
User_479,Kotak,Rewards,7599,18374,1393,1890,4739,19147,3932,2871,2015,16406,3913.51
User_480,Kotak,Cashback,6086,3417,16401,18051,4293,10447,16359,2077,9988,19104,3733.72
User_481,Amex,Rewards,16381,11285,7191,17797,6858,19065,1962,16011,11070,16397,8874.08
User_482,SBI,Travel,9999,13886,6721,8269,17571,14856,18778,7889,5422,14139,3041.86
User_483,SBI,Premium,5678,15740,4468,3216,17074,14011,18219,8681,13495,11798,3576.21
User_484,SBI,Rewards,6880,1115,19214,18638,963,9658,3658,13934,5438,5917,3666.94
User_485,Amex,Cashback,9381,6103,2712,17266,19140,12195,18296,10275,15059,6646,5869.14
User_486,Axis,Rewards,6065,9302,8807,7937,946,1891,12016,18224,15954,19823,5337.07
User_487,Axis,Rewards,6469,9765,16361,5954,3650,15886,6914,5157,10986,15394,4847.13
User_488,Amex,Cashback,8533,1483,9043,10416,10643,16081,2407,9716,9237,14257,4160.08
User_489,Axis,Travel,16208,9797,2490,6096,16874,4275,18945,16206,15145,14168,5290.79
User_490,Kotak,Cashback,11857,4935,19528,16304,17929,15126,8451,6949,19565,3699,5275.41
User_491,HDFC,Rewards,9133,19434,4725,17480,6554,2005,9553,16249,11332,16844,6330.33
User_492,Amex,Cashback,15283,2051,15654,14299,7352,1949,3159,8009,3221,12944,1798.44
User_493,Kotak,Rewards,3425,10324,6740,17396,715,7799,12023,10864,3653,2206,4381.82
User_494,SBI,Premium,10900,10845,1628,8367,19249,6083,5397,6501,11613,5067,3548.12
User_495,HDFC,Cashback,12203,13829,3241,19904,6756,728,17178,4784,13764,13890,4232.48
User_496,ICICI,Rewards,11945,998,3309,5461,9517,4279,10550,2618,6891,645,4852.38
User_497,ICICI,Rewards,15417,5065,17076,7137,8743,2910,2320,19848,3021,19452,3887.36
User_498,SBI,Rewards,2367,7965,11961,6603,12697,15924,16553,740,5131,10099,2927.26
User_499,SBI,Travel,4268,9642,8495,13776,13246,11975,19057,7068,3101,19541,2779.3
User_500,HDFC,Rewards,2659,8813,4868,1817,13772,1730,18017,1801,16427,2410,3996.65
User_501,SBI,Cashback,8607,18800,3257,6964,17062,9588,15624,14760,10243,9183,3169.22
User_502,SBI,Cashback,9769,3395,15823,12852,12375,17469,6323,12462,1034,4511,3203.27
User_503,Amex,Rewards,2655,7457,9696,11191,13827,3206,501,9725,17988,15320,3471.52
User_504,Axis,Travel,5769,11612,16199,8820,17321,11240,3629,17785,14880,11860,5368.34
User_505,ICICI,Cashback,4418,17951,16910,7437,7618,17431,11360,5838,12972,3640,5564.76
User_506,Amex,Travel,18474,14701,8276,5443,13386,9497,8298,18241,8592,3725,7324.05
User_507,SBI,Rewards,15414,2960,9237,14420,19612,11254,11333,3614,17500,15860,4514.32
User_508,Amex,Travel,18087,10451,3065,3674,19965,3130,3661,4821,13704,7599,4619.51
User_509,HDFC,Cashback,10813,14002,6301,14630,14771,16575,4651,9411,19484,13361,6045.4
User_510,SBI,Premium,6340,4065,10926,18349,7866,16130,7882,16649,16371,13773,4380.87
User_511,HDFC,Rewards,2621,12888,19107,4636,17227,13153,15979,5323,5420,5971,6837.54
User_512,HDFC,Premium,10033,7627,4220,19767,16196,19299,19885,18622,1864,3208,7903.32
User_513,ICICI,Rewards,17808,651,17796,2821,14365,995,12487,2648,1056,13893,4845.64
User_514,HDFC,Cashback,3585,656,9426,7662,8555,5154,11968,654,8450,15823,3015.97
User_515,Amex,Rewards,5126,19789,14759,15373,13516,9869,653,8353,12879,16292,6564.69
User_516,ICICI,Premium,18600,15285,11549,1286,4868,15423,4772,6494,7511,14586,5854.94
User_517,Kotak,Travel,7511,1712,14641,9844,7204,16396,19395,643,11181,7867,3403.42
User_518,Amex,Rewards,13647,11897,6531,4743,14147,11996,10049,15646,19597,4685,8671.12
User_519,Kotak,Rewards,7828,17184,17607,3510,6055,567,12685,19390,2037,17281,5164.25
User_520,Axis,Travel,6180,9247,15616,3441,11349,7567,10651,18485,18364,15626,5392.14
User_521,HDFC,Travel,6947,5999,6773,1799,7201,5494,16127,7989,8769,3331,3436.13
User_522,SBI,Travel,12319,18416,2496,12119,17161,3589,1023,12910,16232,8667,3262.57
User_523,SBI,Travel,2631,15400,17699,11832,7166,17026,12979,1910,13165,1034,3448.8
User_524,Amex,Cashback,17916,3842,13965,5000,1672,8507,2141,17355,19824,9238,4029.89
User_525,Kotak,Rewards,11517,863,10858,3809,17429,3740,7165,13421,2436,14468,4457.77
User_526,SBI,Travel,12498,1382,7423,14208,5704,7788,3703,2744,518,17525,2029.06
User_527,Axis,Cashback,9021,17749,1273,5232,7295,7484,3067,16621,2174,11375,2905.52
User_528,Amex,Premium,2045,9827,5627,9565,10992,14249,9545,19167,10021,9169,7162.81
User_529,Axis,Premium,7498,13940,13197,14233,1769,8368,12873,19487,6461,16234,5155.84
User_530,Kotak,Travel,8057,18564,8933,16153,9611,6182,15979,15547,8584,16953,4746.59
User_531,Amex,Cashback,10778,2507,16302,13829,3279,1255,6995,10687,10013,19214,2633.39
User_532,ICICI,Travel,17900,7847,14749,15379,14557,12557,5438,19722,1237,6700,5289.38
User_533,Axis,Premium,18801,9034,3123,9146,14043,13317,19160,4997,8433,19019,5118.84
User_534,Amex,Travel,17192,9127,8868,17022,17077,16077,13972,1442,5120,16695,7371.37
User_535,ICICI,Rewards,6853,9645,9994,14062,3380,1045,14632,13804,2427,16888,7109.25
User_536,ICICI,Travel,15872,3163,15533,9965,3826,4159,18015,5263,11328,15320,5093.38
User_537,Kotak,Premium,14069,5592,6522,13069,14015,6659,13723,8945,11522,3544,5191.2
User_538,Amex,Cashback,12093,16679,3392,6312,1154,17643,2298,5659,12118,8946,5075.39
User_539,Axis,Cashback,8287,11696,6880,17892,10202,19392,3182,1489,12976,8946,4097.09
User_540,Axis,Premium,6979,13661,15135,8575,1507,8188,11263,4408,19687,12457,5688.86
User_541,Axis,Premium,16982,1377,16085,18752,19549,18272,19299,3137,7742,9757,4824.16
User_542,Kotak,Premium,1704,17428,12331,15964,18107,14494,7020,1154,19330,8912,5248.89
User_543,SBI,Travel,19453,6015,9705,15698,4485,13635,8667,7948,19903,4181,3750.96
User_544,Axis,Cashback,17456,10024,5253,7582,4502,6129,12778,8917,2497,9463,2828.74
User_545,Amex,Cashback,5024,3907,7231,8295,11832,19677,3411,19299,17134,15694,5649.84
User_546,SBI,Travel,16617,8602,6065,1673,9124,14894,13756,1335,19146,12324,2953.39
User_547,Kotak,Rewards,9618,12130,3107,6430,4522,12491,7117,3651,6080,7554,3868.23
User_548,SBI,Premium,16323,13747,5073,15839,3991,1206,16228,7497,5733,6255,4311.84
User_549,HDFC,Premium,18218,18731,7351,12626,8365,12618,3817,12712,11847,10890,6290.15
User_550,Axis,Premium,17048,7560,16004,3557,4928,902,9105,16261,1367,14279,3026.79
User_551,Axis,Rewards,864,15866,7071,17463,14517,6968,4650,13565,19923,4637,5461.35
User_552,HDFC,Cashback,17336,12653,14333,1881,8654,1967,13939,19622,17764,12506,5469.95
User_553,Kotak,Cashback,8392,16636,1668,12856,3629,15532,3026,11559,4016,10886,3460.38
User_554,Axis,Travel,16512,14657,5611,7252,17329,6864,4126,4375,5997,16479,4215.14
User_555,ICICI,Rewards,17145,13882,4525,10958,14344,4675,9674,3943,11225,1193,6246.83
User_556,HDFC,Premium,12280,18696,14341,14754,14521,13868,6224,1907,8532,15072,5721.36
User_557,SBI,Travel,7894,17435,12086,13426,1497,14890,6599,14009,5990,6116,3389.43
User_558,HDFC,Cashback,11248,11014,9195,8570,9394,17198,15623,2876,4878,11682,4525.39
User_559,ICICI,Rewards,13830,9449,19694,6170,7067,13216,6617,8337,17087,15031,6964.35
User_560,Amex,Cashback,19127,8998,18571,4609,18744,17606,14021,9220,5393,17227,5902.81
User_561,SBI,Rewards,8900,15106,10639,17803,2544,17302,18633,17983,3892,19656,4764.15
User_562,HDFC,Cashback,7284,18429,1570,2350,12890,3439,10595,16801,7694,6351,3951.92
User_563,ICICI,Rewards,1178,1488,2002,18673,16698,18309,16367,14766,7154,2940,10085.36
User_564,SBI,Cashback,7867,13990,3094,19320,6017,9719,6810,4039,15244,19125,3562.31
User_565,SBI,Travel,9865,11922,5411,903,13680,4663,16971,14836,5970,15453,2384.81
User_566,Amex,Premium,7023,15493,13373,13919,14957,2564,5815,11066,817,18386,4459.49
User_567,SBI,Premium,2542,5098,10714,618,1209,16357,13101,3750,8561,9109,2322.51
User_568,Axis,Rewards,17985,8357,12120,8677,19145,12326,14390,17392,19263,14330,7005.81
User_569,Amex,Premium,11767,7898,7243,5671,16505,17208,13504,11462,11275,4057,8055.27
User_570,Axis,Premium,1454,14294,1187,9001,15638,10194,3627,13260,12059,15296,5096.63
User_571,Axis,Travel,1345,1664,13454,6404,14231,854,18756,18908,3317,4332,2876.54
User_572,Amex,Premium,8757,13607,12958,11213,3081,10082,19370,8918,19327,14919,8368.26
User_573,Amex,Cashback,11432,7935,2048,5565,3907,1139,672,6166,4854,10609,1480.64
User_574,Amex,Premium,4445,10901,8246,12475,19474,8254,16096,5685,1593,4380,5922.97
User_575,Axis,Cashback,3285,15299,16780,7039,18458,16516,15230,11065,8560,4490,4338.9
User_576,SBI,Travel,18073,19573,4595,15049,18759,10479,5908,14437,3333,5785,3552.26
User_577,Kotak,Cashback,14616,8145,12518,11389,5277,16494,3235,14111,6868,17705,4506.98
User_578,Kotak,Rewards,8277,15349,18816,4035,13903,15016,19674,19591,8459,4433,7849.15
User_579,ICICI,Cashback,1422,10867,14237,1064,11289,3000,7381,4136,723,6797,2404.43
User_580,SBI,Cashback,5232,1517,19110,15729,7670,13803,6707,12816,2919,6740,3054.05
User_581,Kotak,Travel,5822,11732,18009,3617,4661,16023,4542,4933,14516,3158,3418.3
User_582,SBI,Rewards,3444,7710,9287,2486,11442,17958,12661,3507,1469,9272,2499.87
User_583,HDFC,Travel,1711,729,16274,14845,3685,15511,17385,548,15673,19939,5080.73
User_584,HDFC,Rewards,1469,15053,6320,14792,3552,12109,2802,2783,15885,10299,5480.6
User_585,Amex,Travel,622,9972,4227,14232,5458,1024,9579,8899,17032,17321,4966.4
User_586,SBI,Travel,11853,14509,11937,5836,5051,3323,13416,15667,9177,15368,3099.44
User_587,SBI,Travel,18866,10163,2811,7725,12065,10770,14060,17488,16465,6285,3401.27
User_588,ICICI,Cashback,12567,9240,14153,17722,4315,17731,5209,5007,7075,5273,4093.06
User_589,Kotak,Cashback,10964,16364,3820,11250,5198,18448,18724,6558,1226,7197,3911.73
User_590,ICICI,Premium,17166,1581,19765,11276,14696,19854,9844,16458,12189,17831,6776.13
User_591,HDFC,Travel,13936,566,1064,13893,4170,2751,13449,1304,10083,18119,2684.56
User_592,HDFC,Cashback,6516,13536,12892,8438,4641,10046,5835,5577,13747,6111,4122.33
User_593,Amex,Travel,3392,6077,18443,7183,2007,16835,2563,2500,16066,1794,5951.38
User_594,HDFC,Travel,14590,18487,18206,19325,17982,9818,8988,11741,10917,16074,6197.8
User_595,SBI,Rewards,2596,12301,19092,17059,7669,13788,11194,12691,18551,11237,4495.85
User_596,Amex,Premium,18707,5647,18240,19956,6699,1046,5731,8465,18967,2540,4023.07
User_597,HDFC,Premium,2349,3142,2100,14451,12297,17502,1632,5991,6295,11031,5172.39
User_598,Axis,Cashback,8133,18371,5509,2613,1544,14423,2931,14426,2082,14874,3205.32
User_599,Amex,Travel,9293,2120,5266,5692,7122,6593,16984,737,11610,6573,4234.9
User_600,SBI,Premium,2037,17638,12060,13934,7896,17424,5631,9197,18013,10771,4025.04
User_601,ICICI,Rewards,13600,4567,4695,9744,7781,3009,16002,7033,17565,15170,7623.59
User_602,Amex,Premium,13541,6060,4516,1219,574,13661,2649,14533,4707,15543,5238.1
User_603,Kotak,Cashback,9807,17959,5115,7765,10616,16233,14392,5152,10973,9747,4360.42
User_604,HDFC,Travel,17425,2661,19135,19628,15088,12561,6541,13173,2060,12454,5305.72
User_605,Amex,Rewards,5919,3222,11050,17354,1968,1308,7219,16863,11091,5573,3644.32
User_606,Amex,Travel,14392,8749,18013,15647,18237,1267,4395,10700,7829,15832,4039.16
User_607,Kotak,Rewards,18674,1385,8234,4406,4992,10230,2573,17196,6769,17694,5208.37
User_608,Axis,Travel,11455,2532,10199,13237,11262,7629,19589,9288,2647,1115,2995.77
User_609,Axis,Travel,8366,2513,17374,19312,5487,9233,9979,10325,3426,7782,3005.09
User_610,Axis,Premium,9990,7486,7362,12659,4923,10950,8659,2573,17585,10611,4929.51
User_611,ICICI,Travel,11152,12954,8468,13016,14790,8276,9058,9219,5386,5119,5974.55
User_612,Amex,Travel,7375,10600,8356,5901,3522,12175,11412,6238,15626,2270,7097.17
User_613,ICICI,Travel,12904,9489,3715,12480,7194,19860,17636,11161,1892,7289,7526.1
User_614,Kotak,Travel,17561,605,11979,2446,6044,17979,13775,7485,2282,6713,3306.39
User_615,Kotak,Travel,16105,5369,18445,10367,4481,9993,6182,6282,17827,9637,3551.44
User_616,HDFC,Cashback,13512,2024,17134,578,3623,7564,13568,8917,13862,1709,4198.09
User_617,ICICI,Rewards,19062,11371,8110,11577,16291,3044,6022,2870,5210,828,4395.69
User_618,Axis,Premium,13622,7294,620,7249,14263,17848,15950,4175,18960,6143,5968.82
User_619,Amex,Cashback,18200,18080,15883,3670,855,10218,528,15331,17897,11394,4674.81
User_620,Axis,Rewards,15389,2524,6339,14003,10803,17638,18122,2406,7899,8461,5370.41
User_621,Amex,Rewards,12531,15628,16163,1960,16182,15693,18300,11545,8266,18312,11254.19
User_622,SBI,Travel,3571,17439,18447,12192,1540,3186,13166,3053,2279,13686,2930.4
User_623,Axis,Rewards,5557,19233,19657,2762,10808,17276,17992,5688,9302,5557,6389.19
User_624,HDFC,Rewards,4177,6296,14950,6863,8623,8722,14154,18284,4571,9308,7424.46
User_625,SBI,Rewards,1370,4696,12296,3239,1440,840,4633,17543,10725,10252,2129.57
User_626,ICICI,Cashback,19859,9741,953,10396,11476,16372,1318,5368,16896,12671,4129.93
User_627,HDFC,Cashback,19302,10006,6975,2517,8457,16730,9920,5292,13737,19318,4950.76
User_628,Axis,Cashback,11207,1938,4043,11867,18665,16020,6843,2763,10661,711,3246.1
User_629,Axis,Premium,14309,7527,831,8669,9633,15091,16625,1227,11554,3743,4704.01
User_630,HDFC,Premium,14309,11429,15342,17893,2050,9495,15666,7992,13001,16067,6116.41
User_631,HDFC,Travel,13765,5924,14586,3661,9715,7117,12426,15592,16660,18060,5130.95
User_632,Amex,Cashback,16138,2733,5200,11527,8360,8026,6059,7232,3013,8330,2844.89
User_633,Kotak,Travel,8410,16347,6149,17980,9620,2451,10665,14852,10246,11470,4136.56
User_634,Kotak,Rewards,9304,1095,8375,6472,16382,1358,6019,10480,4817,12644,3744.05
User_635,SBI,Travel,10755,1947,10737,3350,12453,8606,10500,10003,15993,4555,2465.89
User_636,SBI,Premium,9781,2172,5032,5424,15769,13046,6585,12890,13780,5364,3582.39
User_637,Amex,Travel,3360,11202,8928,15885,9836,3753,4282,17650,19565,16843,5633.82
User_638,SBI,Rewards,19549,10451,16769,15067,12183,4013,17379,13835,11872,6322,5246.77
User_639,Kotak,Rewards,2572,9029,19439,6459,9607,6493,5521,19791,19798,14046,5749.55
User_640,SBI,Rewards,12259,9690,13386,17279,17822,10328,3010,18533,3935,3701,4190.33
User_641,Axis,Rewards,15653,558,11622,3471,10219,14517,8814,10128,9854,11992,4612.58
User_642,ICICI,Rewards,15857,1061,6761,2237,9596,13182,12223,12598,9626,13889,7732.32
User_643,Axis,Rewards,794,11934,5830,5155,17993,13960,4271,9063,18058,1664,5066.68
User_644,Amex,Premium,12888,14469,8934,19684,7762,2041,3265,10806,4991,3583,4160.36
User_645,Amex,Travel,1269,18306,3472,18756,6099,19153,5775,7071,5572,10131,9331.34
User_646,Kotak,Travel,15206,5963,7950,11595,1813,8347,17954,9666,10430,3785,3757.11
User_647,Kotak,Premium,17204,19205,1055,5932,1886,11739,11119,7354,10696,16533,5101.02
User_648,SBI,Travel,13462,15440,11118,4293,7873,3013,2827,9309,19049,6952,3120.97
User_649,Axis,Rewards,14935,1492,5924,4881,5282,7960,19962,3483,14682,3023,4756.52
User_650,Kotak,Cashback,15589,5081,12407,6109,18885,18271,11875,17914,10457,13455,5981.6
User_651,Amex,Rewards,13663,13789,13037,10310,9955,9563,1334,2224,2913,10005,5267.26
User_652,ICICI,Rewards,2605,3068,9830,17093,5411,19104,17117,1292,14695,14401,9929.53
User_653,Axis,Cashback,16262,19994,19050,9026,16398,1714,15846,712,2158,12770,3013.32
User_654,Kotak,Cashback,13539,5641,18678,6488,14277,6078,15551,4345,12382,14747,4409.01
User_655,Axis,Cashback,878,3793,12130,14160,17108,1237,17119,12970,17595,16617,5042.29
User_656,Axis,Cashback,18143,7771,17632,12678,14990,14363,2323,7352,13572,11633,4326.49
User_657,HDFC,Travel,7019,2277,18106,15272,14121,12359,18661,9996,7990,9393,5506.1
User_658,Kotak,Premium,18209,12414,9498,3222,5156,18209,4633,19753,1742,9039,5605.48
User_659,ICICI,Premium,7746,18802,3732,4258,6497,19239,11472,15868,2324,11183,7645.46
User_660,HDFC,Cashback,904,18605,11517,4345,11884,16948,9991,13612,12285,1468,5503.62
User_661,HDFC,Cashback,2742,3583,13822,1969,5225,4759,4122,10792,17707,3931,3854.19
User_662,HDFC,Premium,4713,15735,9489,1279,15851,11542,19776,6034,3806,3402,5009.86
User_663,Axis,Premium,13891,4218,521,2000,9534,16299,4141,691,13806,13914,4175.23
User_664,Axis,Rewards,5162,4826,9565,10971,13141,9696,13226,16151,9036,19595,5449.85
User_665,Axis,Cashback,6773,6784,9317,18562,8914,17627,17346,18452,12039,14493,5534.0
User_666,Axis,Cashback,18620,13834,8403,16129,18240,1514,11360,17938,2264,6509,3300.11
User_667,SBI,Travel,10104,16512,1167,3870,6476,18278,9113,6099,4150,12849,2475.48
User_668,Amex,Rewards,3690,15845,9289,891,17959,3150,14100,14817,19268,17693,7165.95
User_669,Axis,Premium,7395,18043,2031,5981,11374,6663,5764,18115,16390,19307,6091.95
User_670,Kotak,Travel,16040,3408,5212,12690,10650,19619,4991,14419,14668,9093,4494.86
User_671,Kotak,Travel,11926,17109,8683,18225,8901,4227,14203,19687,10718,893,4866.51
User_672,HDFC,Premium,10216,9295,1081,14830,10631,632,19722,15484,3885,4270,4488.32
User_673,Amex,Premium,8105,7713,11955,3335,3238,10049,4634,7333,8853,16190,5096.01
User_674,Kotak,Premium,14996,12562,10350,2463,5653,10981,1466,1389,19945,6961,4566.98
User_675,Kotak,Premium,16506,11881,16844,11440,11758,7780,1567,11615,9518,16253,5164.53
User_676,SBI,Premium,5107,4485,10784,15054,5038,19246,19108,6871,2226,6291,3268.99
User_677,ICICI,Rewards,17721,16238,17570,17240,9563,10665,15039,16072,5147,10502,9894.7
User_678,SBI,Travel,10920,7142,11042,4857,16099,13701,3239,13731,10010,10227,2678.68
User_679,HDFC,Cashback,11135,10464,17761,19754,11892,12836,12439,17176,10343,13323,6661.97
User_680,HDFC,Rewards,3186,733,14929,19258,2772,17850,17773,3900,15871,5042,8481.58
User_681,Axis,Premium,3791,2988,11392,2058,5190,6621,19160,12698,4939,17987,3600.61
User_682,HDFC,Premium,5909,10170,12606,12434,8369,3456,11266,10586,10935,16912,4774.23
User_683,ICICI,Cashback,10755,10138,8256,12356,16264,4102,5562,12377,7744,6872,3457.73
User_684,ICICI,Cashback,19646,12729,17456,8205,14394,12780,1114,4550,17209,16222,4097.41
User_685,Amex,Rewards,17242,4277,6406,2221,18233,4396,7441,13964,5746,8884,4430.8
User_686,SBI,Travel,19461,15869,16975,14144,11608,8628,17959,19397,8668,7361,4353.85
User_687,SBI,Cashback,14250,17488,3479,7565,5416,1097,6122,18761,12664,2199,3415.88
User_688,Kotak,Premium,17600,13929,14296,4586,1165,15105,17963,8919,15684,1569,5978.98
User_689,Kotak,Premium,13419,1863,5008,2255,1019,12236,11014,15188,7733,1602,4498.07
User_690,Kotak,Premium,12741,6281,11297,6756,10880,9280,7054,13164,10099,16011,5064.25
User_691,SBI,Rewards,7105,10751,16543,13264,3486,900,19739,10916,3912,16940,3670.06
User_692,Axis,Premium,4798,4268,6252,12989,1853,7097,15191,4811,15807,11294,4461.28
User_693,SBI,Travel,9440,17688,8825,11129,5641,4171,7792,15938,12731,18982,3378.51
User_694,Kotak,Cashback,16105,13526,9821,5935,8993,7191,3263,3741,3557,17434,3115.62
User_695,SBI,Premium,2087,10514,6420,12188,4909,6283,1212,5906,12541,2933,2603.67
User_696,Kotak,Rewards,12086,17963,5822,14432,5757,14233,13868,10277,11749,13381,6363.03
User_697,Axis,Cashback,9291,9205,9758,8333,19770,14745,19537,16254,9780,13077,5073.06
User_698,HDFC,Rewards,4469,5066,2696,17673,11845,1809,1364,12555,5889,12216,4322.23
User_699,SBI,Premium,3503,14674,14272,18115,8459,12480,19595,7081,17305,10465,4462.64
User_700,HDFC,Cashback,15422,1446,18718,2064,7832,5444,16557,14377,10639,1808,4664.94
User_701,SBI,Rewards,3758,5311,7197,16275,11539,1939,12134,555,605,3701,2408.91
User_702,HDFC,Travel,13163,1466,17191,19022,12156,16393,13589,16993,4132,6184,6341.86
User_703,SBI,Premium,18799,17440,604,2547,17029,17757,17182,9337,15907,6882,5237.94
User_704,Amex,Premium,870,16408,986,15000,3696,10052,2761,11313,9648,9072,6222.57
User_705,HDFC,Travel,13585,17122,7343,1605,18270,10941,10219,18551,3191,12364,5369.43
User_706,Amex,Travel,16878,7349,3747,19476,1990,18108,19471,19948,14810,17716,8598.4
User_707,ICICI,Cashback,19324,5295,2146,16642,14806,17324,6456,14428,10221,11657,4904.91
User_708,HDFC,Rewards,5690,5163,7562,4831,19918,12380,16746,3762,13820,18991,6671.05
User_709,Amex,Cashback,19631,5177,8472,15829,4764,3633,12112,18349,19095,14658,4486.91
User_710,ICICI,Premium,8227,8264,13503,1318,14939,15577,5021,1624,6160,6141,4696.85
User_711,ICICI,Rewards,18885,11639,16202,7023,12897,8611,2901,9981,10567,13876,5173.88
User_712,Amex,Cashback,13944,13379,16612,1039,11474,14346,6115,16516,3456,8577,4566.22
User_713,SBI,Premium,5587,10838,2670,3891,7442,18500,14306,15292,13309,15355,3430.84
User_714,Amex,Cashback,6958,3256,7353,8209,18820,19975,13347,17852,7797,16756,6030.44
User_715,Axis,Premium,5673,17773,12150,9673,7882,1301,8734,14397,15697,10469,5465.0
User_716,ICICI,Travel,10472,1083,13219,3877,15355,3901,14136,16238,7272,10631,4279.02
User_717,Amex,Travel,16684,3389,10069,10641,12434,10269,8112,19376,16705,14434,5154.5
User_718,HDFC,Rewards,11248,5798,2361,14642,7820,11867,17982,5747,2234,5163,6531.17
User_719,Kotak,Cashback,13318,17564,8663,18954,13858,7168,13516,8501,10421,2691,4544.43
User_720,HDFC,Premium,9372,19730,19347,5422,4892,14041,19881,15515,3727,2524,6687.21
User_721,ICICI,Rewards,1655,10582,4977,19069,7586,2817,4121,4991,16416,15748,4407.28
User_722,SBI,Travel,10046,16112,8348,14774,18177,2965,16804,16169,11794,3675,3591.7
User_723,ICICI,Travel,9925,12722,8944,8710,3259,16591,502,18143,8690,15748,5962.39
User_724,Kotak,Rewards,19452,15537,2385,7560,16831,8344,13950,9991,19222,9768,6648.97
User_725,Kotak,Rewards,9639,7291,7671,19615,17753,593,3487,13347,10467,16718,4585.53
User_726,Amex,Premium,5447,7151,3644,16960,9459,8797,7194,16335,19757,3846,6028.71
User_727,SBI,Cashback,11840,744,3125,4349,10097,8237,14524,12500,8833,17776,3000.46
User_728,Axis,Rewards,2899,5140,19844,10891,18353,11392,11697,13550,3874,13411,4884.03
User_729,ICICI,Cashback,14035,8734,11003,5622,10352,5887,8131,7726,5608,19108,3532.36
User_730,Kotak,Rewards,1060,1812,18705,12095,5874,3151,10506,10433,16672,3377,4286.56
User_731,Axis,Travel,9249,17825,19180,17823,18494,2225,12713,10028,14662,9353,5991.3
User_732,Axis,Cashback,15393,14908,15660,3914,18040,12620,2043,771,5795,15463,3132.86
User_733,Amex,Rewards,19593,13097,12545,14103,10437,15330,7222,8701,4644,6106,8471.85
User_734,HDFC,Rewards,16428,2148,2630,14892,11088,4866,2006,19042,19800,15722,6578.74
User_735,Axis,Travel,12295,10358,13116,4636,13978,11661,3189,3310,12163,6652,4039.63
User_736,Amex,Premium,11662,8499,7719,5828,4121,12165,11814,1152,16682,9312,6886.34
User_737,SBI,Premium,2145,10935,4188,8189,1879,4743,10737,16830,19537,6111,3087.01
User_738,Amex,Rewards,14216,6412,6949,2225,16370,9804,8022,14163,5284,9972,6327.8
User_739,HDFC,Cashback,10555,13176,7946,5225,15269,1909,8705,16865,756,18605,3804.88
User_740,HDFC,Premium,3490,1695,1744,11915,7266,12162,16710,18190,10813,2902,6288.05
User_741,HDFC,Premium,13775,15415,1409,16306,872,1844,9015,2931,19668,11085,4159.2
User_742,HDFC,Rewards,2195,2407,17664,1519,11957,1903,18310,9355,6368,11339,4976.93
User_743,SBI,Rewards,15561,9730,19709,7964,15246,3503,7695,19972,14162,14239,4542.9
User_744,ICICI,Rewards,16088,2289,19920,8098,5338,6372,11867,4799,17857,7583,6661.24
User_745,ICICI,Travel,3629,604,7933,8189,4067,18065,5144,15466,11830,4894,4297.5
User_746,Amex,Premium,12888,11819,6975,18658,15228,12506,16650,946,608,3739,7012.99
User_747,Axis,Travel,14246,1745,19604,14339,13356,5605,3422,3013,3301,14395,2092.61
User_748,Kotak,Travel,6538,15582,15148,864,2300,14610,6458,9596,7936,13138,3652.67
User_749,Axis,Travel,18070,15955,17657,13297,4960,15816,852,5844,5007,5330,4741.83
User_750,Amex,Travel,17365,4787,4977,7033,17127,13255,1365,11673,5829,1103,4542.14
User_751,Amex,Rewards,4518,5692,2515,10350,3880,4270,6329,2113,13647,16045,4175.3
User_752,Amex,Cashback,11038,648,2254,7878,14091,9871,13279,10295,19936,6192,4978.66
User_753,SBI,Cashback,5303,19261,12172,3682,11509,14828,3086,3148,7813,18601,2563.8
User_754,HDFC,Cashback,7907,17754,15734,15512,10235,13925,16198,15821,13146,5393,6603.05
User_755,Amex,Rewards,19142,4882,2285,13530,12235,17179,10745,3097,17564,824,9265.11
User_756,HDFC,Cashback,13114,1486,1260,12385,9728,17790,5999,864,8527,14032,4109.35
User_757,HDFC,Travel,8439,14436,9761,16363,13061,10947,14672,12378,12911,19965,6135.82
User_758,HDFC,Rewards,2607,8428,15734,19817,16810,19713,14028,13813,2059,18625,9898.42
User_759,Axis,Travel,18574,16024,13785,11473,3506,4802,17972,5111,9872,14580,5404.94
User_760,SBI,Travel,10593,8878,2097,12100,4247,14379,19554,13517,19464,7932,3402.47
User_761,SBI,Rewards,5225,10937,13769,13592,7502,6631,13761,13112,5037,13591,3556.51
User_762,ICICI,Premium,13754,19869,1059,1213,5093,15684,15761,756,15074,537,8119.1
User_763,HDFC,Travel,9152,16430,2332,16017,5667,932,4651,15412,6911,18635,4212.23
User_764,Kotak,Cashback,756,1171,989,7389,12406,18980,18566,13103,2960,5029,3959.1
User_765,ICICI,Cashback,2475,3716,14767,10081,5015,12548,10276,3463,7286,14366,3986.28
User_766,HDFC,Travel,17860,7845,545,1693,5012,17130,9483,1136,4275,2921,3518.98
User_767,Kotak,Travel,9780,4683,11851,17596,5823,13388,4144,16642,8273,11278,3933.81
User_768,Kotak,Travel,2608,4114,10751,12178,14867,4832,12502,16200,14269,7463,3918.41
User_769,HDFC,Rewards,12899,12743,2345,14442,17266,4612,13280,16190,10588,2009,6894.43
User_770,Kotak,Cashback,2078,17763,19046,14606,10340,13431,1859,4742,16964,19616,4006.97
User_771,ICICI,Travel,19306,13291,17551,19380,3999,12190,8580,1689,14408,13251,6666.18
User_772,SBI,Travel,571,6046,3185,9885,18732,11076,2522,16331,13440,18182,2311.84
User_773,HDFC,Rewards,7209,6469,3120,3146,5365,2789,7870,14354,10177,11843,4716.31
User_774,SBI,Cashback,1265,13171,16658,4592,13475,9841,12834,16577,16335,3166,3080.62
User_775,SBI,Cashback,8141,19065,10334,4388,1340,14373,11346,6399,1065,6505,2389.66
User_776,Kotak,Cashback,10974,9687,7726,9879,6390,13613,4811,11946,9348,19866,4261.05
User_777,ICICI,Premium,13098,17440,19903,3080,14344,10053,9886,15135,1171,1277,6305.28
User_778,Amex,Premium,14317,14760,1574,10408,9975,13378,15620,2486,11325,9693,8217.81
User_779,ICICI,Cashback,19222,10547,17384,19117,5108,12406,7734,7110,11024,17484,4769.52
User_780,HDFC,Premium,9680,15725,10573,4983,6401,6629,18638,19348,10915,4982,6104.82
User_781,Amex,Cashback,7306,11016,7896,7838,10450,13000,12045,5741,5195,12030,4679.56
User_782,HDFC,Cashback,14818,18666,11824,3718,4516,3337,16812,7534,7809,14879,3806.37
User_783,HDFC,Cashback,16356,10111,4650,11609,1946,12436,11536,6968,14521,4675,4756.03
User_784,HDFC,Premium,15393,17748,16509,6717,6172,2002,1910,4270,10597,4501,3442.2
User_785,HDFC,Premium,1098,11476,19925,6891,16950,15408,12090,16779,3250,10416,6753.06
User_786,Kotak,Premium,18515,6952,17658,15956,4519,12919,1429,19896,6764,8473,5588.11
User_787,ICICI,Travel,11636,19703,1684,17411,1416,4074,3819,18290,18125,5706,7184.15
User_788,ICICI,Travel,17682,18407,5428,16605,3388,3190,4591,14460,1190,1995,5960.49
User_789,ICICI,Travel,17776,11220,6373,5003,12220,14464,1397,17594,4195,3186,5261.24
User_790,Amex,Rewards,15650,17299,10163,4680,4762,3015,11736,14604,7116,17876,6226.81
User_791,ICICI,Rewards,18657,4316,2256,2873,3076,4684,2897,13174,10826,11046,3857.24
User_792,ICICI,Travel,5035,15099,9668,17618,1132,13780,15246,4768,19785,18547,8429.84
User_793,ICICI,Premium,6091,16726,1554,9072,14079,19966,11083,8507,16403,10284,8272.01
User_794,Kotak,Premium,2889,14439,11719,9899,1044,2739,11059,3127,7118,12623,2696.27
User_795,Amex,Rewards,8515,3630,16980,15331,3208,5897,12028,17340,6414,4868,5873.94
User_796,Axis,Cashback,12576,18821,14448,18030,14324,4799,14620,8618,11256,8453,4454.55
User_797,HDFC,Travel,9524,15174,18345,12208,1659,886,7692,11245,10410,3909,4158.67
User_798,ICICI,Cashback,13680,17836,6642,6467,7705,16506,12609,13534,2984,2354,5286.28
User_799,HDFC,Premium,3097,8329,8686,4483,7184,10883,17540,12504,12603,6812,5769.77
User_800,SBI,Rewards,10277,4063,5541,11792,8526,14423,17924,19157,4129,2614,3964.66
User_801,Amex,Travel,3594,2784,5552,18473,19404,12547,1194,16088,13555,16580,4511.51
User_802,Kotak,Premium,7204,7868,2471,15093,8555,11941,15177,2368,18555,2228,4873.98
User_803,HDFC,Premium,6903,16232,19026,9840,6684,753,4602,4042,19659,6712,4142.6
User_804,HDFC,Travel,12025,11971,13000,15747,11032,14018,6976,1504,10786,5217,4719.18
User_805,SBI,Travel,6039,17037,9106,12116,1784,3648,1268,6107,19671,19094,3189.73
User_806,SBI,Cashback,858,1349,7998,5022,19428,13273,18715,18356,10128,829,2484.01
User_807,Axis,Cashback,15826,5766,4854,15582,5222,18272,9411,3735,5076,1600,3019.31
User_808,HDFC,Cashback,19416,17665,14939,12250,10281,5495,18385,12486,13010,19964,5768.31
User_809,Amex,Cashback,1002,10031,8509,17507,12042,17934,18213,13935,4614,14068,6170.98
User_810,Kotak,Premium,15387,2073,13859,19518,3268,5802,14246,1711,15945,16315,4584.6
User_811,HDFC,Travel,7541,19267,11346,6376,13389,14382,15238,1595,6401,8715,4848.56
User_812,Axis,Cashback,1579,13010,19731,18844,1973,5388,5479,1712,9501,13748,3322.16
User_813,Axis,Cashback,4159,5783,11215,16665,1840,15305,11084,15280,5637,18245,4176.94
User_814,Axis,Premium,1026,8355,11195,1792,18538,17071,19642,9125,6931,16426,5072.11
User_815,SBI,Cashback,937,11280,17716,9488,9453,6294,4074,16801,1184,4733,2142.07
User_816,ICICI,Travel,8507,17111,2828,19615,9519,17314,9755,18593,6282,1734,8310.72
User_817,Kotak,Travel,1920,17652,10096,19988,4855,18422,18215,8761,14265,6444,5023.06
User_818,Axis,Rewards,17364,5763,15800,3293,3392,1698,19256,18776,2383,1297,4510.55
User_819,ICICI,Premium,17038,15757,8550,6447,10117,2392,3924,9950,13918,2515,4942.17
User_820,ICICI,Cashback,5333,10394,16442,9565,1065,7912,18902,10577,10815,13334,5787.7
User_821,SBI,Cashback,4383,11884,10551,8716,12195,8402,13687,18073,12788,14710,3237.02
User_822,Amex,Travel,11059,18625,4188,14614,5869,12438,4523,16482,17600,4467,8852.02
User_823,SBI,Travel,3715,890,19921,732,8134,11998,11416,733,1891,11584,1731.7
User_824,HDFC,Rewards,12382,15338,17773,8402,13379,17629,10411,927,1231,1299,6515.96
User_825,Axis,Travel,7525,14981,8124,15461,19422,8732,3867,13762,5729,19299,5022.01
User_826,Axis,Travel,19833,4761,3966,14285,3588,13515,1615,5078,3090,7872,2706.8
User_827,Kotak,Rewards,11139,9922,11358,5475,5425,11286,15216,2495,14344,4391,4928.08
User_828,SBI,Travel,8998,10054,2602,3530,9024,8607,17126,18768,15435,10124,2780.79
User_829,Axis,Rewards,16323,8363,3609,19070,12982,2050,1146,13907,13200,1037,3727.96
User_830,Amex,Rewards,14567,10196,14650,18258,2409,12650,580,2583,13878,15717,6315.93
User_831,SBI,Cashback,3170,4251,12244,5761,15191,7352,1994,17785,1172,9130,1980.79
User_832,SBI,Rewards,10768,944,9657,12482,9155,19082,2787,12457,4508,12196,3596.84
User_833,HDFC,Cashback,1963,12959,17377,18310,10384,18677,3223,17542,5261,8130,6137.86
User_834,Kotak,Rewards,4850,707,4690,2383,3386,17361,9453,8881,14295,17639,5134.43
User_835,Axis,Premium,6224,12920,4560,5265,7053,7878,18573,18200,7630,3686,4931.68
User_836,Amex,Travel,16622,18029,8442,8048,17444,18796,18748,796,2909,1961,10271.73
User_837,Amex,Cashback,17878,7054,16891,19399,18301,19200,7858,18171,18002,8137,6573.89
User_838,Amex,Premium,7422,12453,19413,4470,3907,9546,15047,5260,18781,13965,7512.86
User_839,HDFC,Rewards,8107,4519,1315,13063,13792,16658,1422,13429,15425,18148,7711.4
User_840,Amex,Premium,3222,5855,13801,3050,11641,18557,11784,18550,1884,8752,7179.49
User_841,Amex,Premium,7738,6526,10982,14301,16620,16080,9164,17842,993,16965,6647.64
User_842,Kotak,Travel,3470,511,16051,17645,3685,16909,2306,6164,14626,13394,3187.61
User_843,SBI,Cashback,14267,15726,2025,1260,17478,14380,1555,10546,3583,16178,2752.05
User_844,Amex,Premium,10150,6457,5755,9911,16844,10191,18714,3895,1703,19694,5998.59
User_845,Amex,Cashback,7772,4014,10490,6692,11267,17028,8007,5357,12618,18261,5169.45
User_846,SBI,Travel,17677,6256,4914,17994,4437,4463,6397,9474,14877,18000,3247.94
User_847,HDFC,Rewards,4527,12028,6245,10179,6438,12650,13906,18243,5353,18825,8325.63
User_848,Amex,Premium,16743,8433,9936,18169,6974,15179,11728,1270,2343,573,6693.82
User_849,Amex,Premium,8500,13773,16621,831,18305,8012,5431,13242,13926,5613,6325.7
User_850,Axis,Travel,13645,14056,19749,3075,13214,6685,9156,6241,17161,565,5056.82
User_851,HDFC,Premium,9094,12675,13196,6755,7941,15486,13850,14940,8460,18321,6815.63
User_852,Amex,Rewards,14165,7129,14328,5041,8376,13811,15088,17148,12880,10377,9513.31
User_853,SBI,Travel,5597,18544,19238,6961,7544,5997,14251,9804,10926,11558,3426.23
User_854,ICICI,Cashback,19063,1134,10557,13845,10647,19102,1889,13571,11822,4776,4187.53
User_855,SBI,Travel,18129,8745,11602,16726,11088,942,7476,5175,12303,8453,3328.24
User_856,ICICI,Premium,7558,17706,12394,3439,1531,10708,1062,11230,17224,16652,5834.6
User_857,HDFC,Rewards,9808,10109,18175,9220,10672,14957,3439,14845,16658,5935,8066.45
User_858,Kotak,Cashback,8472,18117,19684,15299,19659,15552,6544,14915,17774,14358,5896.88
User_859,HDFC,Travel,18072,6144,17624,18253,18884,18355,18420,17202,5653,2394,7178.16
User_860,ICICI,Premium,8491,15939,9967,6435,17607,2829,9827,3270,5346,17151,4996.25
User_861,Amex,Travel,14128,1069,2473,3322,770,16820,8141,9430,7180,1757,4797.78
User_862,SBI,Rewards,5358,9081,13991,12936,13370,17004,7408,11344,19187,5361,4190.85
User_863,Amex,Rewards,7736,6065,17993,7429,18134,18533,7851,19840,15401,11138,9685.32
User_864,Amex,Rewards,12056,18599,8650,10607,2257,18693,11699,16795,13307,18035,11423.89
User_865,Amex,Premium,6802,16429,5247,14738,8902,11186,5181,19391,19847,3928,7830.7
User_866,HDFC,Rewards,4455,14526,9744,1213,11580,9021,2246,18091,17668,3196,6589.58
User_867,Amex,Cashback,5536,7627,4218,8410,3193,17509,16358,16432,8192,6898,5880.16
User_868,Amex,Travel,18439,12325,4687,536,18671,6783,15702,8560,8565,4380,6731.52
User_869,Amex,Rewards,8828,6833,14370,11768,5567,16116,12575,17545,8473,10502,9464.48
User_870,SBI,Rewards,3229,12429,15488,4397,2669,14063,18762,13388,5070,2015,3344.45
User_871,SBI,Premium,14298,4977,16955,19864,10051,14679,539,10722,16616,18784,5443.7
User_872,ICICI,Travel,5296,5106,18167,9275,15364,14693,15176,10957,17699,16544,6694.12
User_873,SBI,Premium,746,7016,17300,13842,16991,9530,1921,13470,7783,16445,3081.89
User_874,HDFC,Premium,15987,9529,19846,2782,9244,18361,10419,13835,1091,6777,6345.67
User_875,Amex,Cashback,11639,847,4943,11588,9274,7369,19922,3345,12886,1765,4588.62
User_876,Kotak,Travel,13438,11659,2774,19354,10982,19461,1568,15206,6474,11428,4453.88
User_877,Kotak,Rewards,19977,10911,13888,18271,4774,2785,19808,7545,2118,11479,5370.8
User_878,SBI,Cashback,12526,8343,10395,12466,18232,5789,19306,19312,3533,9360,3701.07
User_879,Axis,Travel,18298,14360,14794,4121,17638,2847,15382,17610,5423,19533,5208.96
User_880,Axis,Rewards,16111,15867,19699,9566,3779,19868,4307,14465,16623,17491,6759.53
User_881,ICICI,Rewards,1134,13271,17958,18798,14840,1088,3731,6851,4338,2473,3888.62
User_882,SBI,Cashback,10747,12172,10771,7183,11744,7283,6094,4322,3889,6414,2712.32
User_883,Amex,Cashback,4188,15183,13580,10416,5537,13953,9140,581,6778,16578,4797.44
User_884,HDFC,Rewards,7910,16426,16000,1980,9771,4098,15532,8493,11395,15867,5577.01
User_885,Amex,Rewards,12448,18642,3099,6313,4353,19176,2001,8922,8050,4750,8985.87
User_886,SBI,Travel,4906,19231,1541,7427,16895,8371,6875,4176,13517,3565,2655.68
User_887,Amex,Rewards,17424,576,19951,16380,16907,17559,4767,6488,9180,1985,7681.65
User_888,ICICI,Premium,2919,15812,3995,17640,11216,12942,18663,13461,10807,6987,8373.22
User_889,Amex,Cashback,10164,16860,17142,4575,18002,15785,8131,3517,18542,18681,6190.81
User_890,Amex,Cashback,6191,16265,3696,10052,9032,17446,5246,3499,18077,11802,5800.62
User_891,Amex,Premium,19312,6700,5896,13910,13703,4098,11064,13248,17457,8136,5341.65
User_892,Amex,Travel,18362,10765,10205,14798,19080,10203,13836,8666,16616,6550,7385.5
User_893,HDFC,Rewards,13212,8984,3093,10815,15700,9607,4369,15947,8471,3489,6576.28
User_894,Axis,Cashback,10143,4323,13954,4432,10720,9054,2929,7944,11010,11777,3375.42
User_895,ICICI,Premium,8131,4098,4829,7218,10423,14282,16976,551,17202,10684,6594.08
User_896,Amex,Cashback,15979,7710,13434,4456,6557,11710,15090,14364,2025,13777,4664.14
User_897,Axis,Rewards,9205,6625,8374,13029,15455,3000,3964,19143,16454,19543,4879.84
User_898,HDFC,Cashback,10802,5930,9098,16476,2360,6658,6306,17606,9974,17497,5172.55
User_899,Axis,Premium,6290,10670,9504,10478,17214,19096,7732,13174,16552,16274,6406.68
User_900,ICICI,Rewards,15889,11067,6111,9932,819,13186,5291,829,9351,11810,5637.75
User_901,Amex,Cashback,18677,6203,11149,13172,4655,3111,19477,16979,9680,9804,4402.0
User_902,Axis,Travel,15110,8937,10850,13021,7060,5747,4577,11358,11891,11446,4142.09
User_903,SBI,Travel,16994,9454,14091,7891,11864,10871,3004,5739,17176,18618,3385.86
User_904,HDFC,Premium,6893,2696,3966,2406,18605,12383,15937,14997,2316,11213,5421.53
User_905,ICICI,Cashback,7349,1558,12230,19206,17832,4859,13309,6160,7754,13322,4243.09
User_906,ICICI,Travel,12230,18447,8717,17058,18218,17205,12842,12739,14354,14397,9274.59
User_907,SBI,Premium,10564,15503,10759,6174,5502,1410,1449,19398,12023,11721,3793.59
User_908,Amex,Rewards,7445,2900,12063,19227,852,19839,15989,1518,18063,5693,10850.98
User_909,Kotak,Cashback,15949,12342,19386,4319,17863,1476,19164,6397,16457,15859,5170.34
User_910,Kotak,Cashback,607,16024,2126,6729,7377,1374,6043,4309,11103,2607,2248.01
User_911,ICICI,Travel,1059,8808,15750,13755,3546,14356,16927,1008,6607,13976,6585.08
User_912,HDFC,Premium,13636,14667,17800,17682,5471,18644,16383,1318,10860,12427,6913.1
User_913,ICICI,Premium,17790,12800,1102,4795,10483,4027,2311,12603,9532,13377,4308.84
User_914,Axis,Travel,15724,9416,7266,17686,19466,2165,16432,7475,3052,13719,3858.52
User_915,SBI,Cashback,3308,11590,12760,15795,15337,15169,11023,13262,14269,14231,3674.52
User_916,Kotak,Premium,2956,5923,14746,13346,4817,18440,19089,13135,13970,13676,5675.55
User_917,Axis,Travel,14046,7305,17288,18504,19836,8580,3618,7130,1065,16201,3269.54
User_918,Axis,Premium,8170,19752,9976,9276,15521,4827,15775,8114,1745,8743,4359.06
User_919,Axis,Travel,16424,16736,17424,17698,1915,11530,2152,11357,19240,4310,6122.94
User_920,ICICI,Cashback,2051,14084,1261,13011,9971,12967,6663,16565,12386,18420,4938.72
User_921,ICICI,Cashback,16080,19654,7899,17445,8123,10827,7687,2680,2460,5653,3882.48
User_922,Axis,Premium,1082,16014,16031,17172,8479,3560,14231,12794,18067,14774,6170.19
User_923,Amex,Premium,2403,15051,15641,2877,1347,14880,18123,10024,15731,12198,9100.68
User_924,Axis,Premium,12814,11929,2865,11104,11866,5555,6122,17256,8283,2449,4323.0
User_925,Amex,Cashback,12119,17008,13324,11445,2419,10327,10117,10232,1030,8349,4193.84
User_926,ICICI,Travel,14956,11795,18685,5656,9728,12420,7932,12703,6689,1642,6142.32
User_927,Amex,Rewards,8114,14753,18513,17646,7405,5389,5339,4457,1057,5121,4924.04
User_928,Amex,Rewards,1339,9743,10096,7498,10629,1010,12096,13474,1637,14200,4564.19
User_929,SBI,Travel,5166,9406,10978,3154,1490,2660,15636,10836,14769,16706,2548.78
User_930,Axis,Travel,9067,9433,19551,16119,5419,12241,9298,17427,15066,1383,5308.92
User_931,HDFC,Rewards,9915,11585,15508,18952,8620,8320,12401,18670,16759,10149,8749.65
User_932,SBI,Premium,8769,12305,18192,10879,9244,13785,8973,11179,15105,11485,4612.03
User_933,Kotak,Rewards,19660,2096,17363,10655,8419,10834,15128,2572,9987,6124,5256.46
User_934,Kotak,Rewards,8676,1261,13441,2169,7628,19569,12591,18815,7808,1626,6831.07
User_935,ICICI,Travel,6937,7539,18087,4635,15611,12464,9211,8404,2783,2977,5046.54
User_936,Kotak,Rewards,7707,9894,15341,6727,13780,4035,11082,3413,2840,5789,3570.44
User_937,Kotak,Cashback,15525,7645,3402,9455,8194,5330,10334,10989,16268,10864,4658.53
User_938,HDFC,Cashback,14985,3422,4304,2868,15657,8593,4432,12052,6108,13399,3811.88
User_939,Axis,Travel,9792,10362,6031,10912,6844,17259,8387,18493,16658,19823,6024.67
User_940,Kotak,Rewards,4179,8040,9988,7574,4496,6195,14735,2866,14664,7264,4074.01
User_941,HDFC,Premium,16792,2114,14896,19300,17380,17388,6233,3716,4864,12769,6032.52
User_942,SBI,Travel,14329,5460,19281,8801,9341,8230,18383,17479,1478,1230,3084.18
User_943,HDFC,Travel,2743,2201,18170,8803,15600,13498,9893,1447,7053,1257,3889.35
User_944,SBI,Cashback,12080,6151,7773,10533,4035,19177,17988,9353,1408,5117,3165.12
User_945,HDFC,Premium,2811,16520,17673,14085,14517,17055,13052,13837,2385,1549,6996.63
User_946,ICICI,Premium,1661,1315,4266,3739,14442,8772,19688,1369,6026,8241,5084.23
User_947,Kotak,Rewards,2434,17587,16818,19407,19523,6659,16219,13493,14313,1664,6527.56
User_948,Axis,Rewards,3566,9138,2837,6094,2960,7320,3942,16691,19595,16826,5070.31
User_949,ICICI,Premium,18175,10890,14530,5874,13642,19539,12704,7894,17588,1325,8017.54
User_950,Amex,Cashback,17260,1472,11768,943,1254,16523,10863,11397,5896,3965,4694.91
User_951,Amex,Cashback,6247,18607,2419,17802,13973,17465,14735,16210,14934,13978,7024.53
User_952,ICICI,Rewards,2499,15349,11403,17284,15200,5945,3128,18540,17504,746,6092.79
User_953,ICICI,Cashback,3839,19894,2868,12686,2339,19787,6705,4895,15790,4191,5207.24
User_954,ICICI,Cashback,18276,6560,16025,4800,3838,5987,4014,17643,11780,10807,3731.12
User_955,Amex,Premium,11658,9121,11047,13985,2959,5773,18602,9957,5923,18192,5731.18
User_956,SBI,Travel,5979,15919,2749,3309,3421,5176,2917,17416,13963,8667,2460.36
User_957,Kotak,Cashback,7792,7431,1591,16863,760,10956,13935,9877,16313,4801,4279.6
User_958,HDFC,Premium,16976,9056,14295,6625,2424,19979,7183,19422,19160,13831,8232.65
User_959,SBI,Cashback,10445,17794,806,4731,6528,12707,7158,6836,14396,10130,3013.81
User_960,HDFC,Travel,17549,8900,1451,9749,13436,14955,5222,13312,4508,10560,4915.98
User_961,HDFC,Cashback,7155,17655,13527,4530,1021,1900,12430,4223,7079,18742,3054.7
User_962,Kotak,Cashback,13373,19282,17026,11543,16875,17601,1142,19432,12385,8049,5652.89
User_963,Kotak,Rewards,15574,14271,1449,17405,15232,17238,18366,10339,13323,19099,7763.83
User_964,Kotak,Cashback,19421,15190,6839,11456,4265,3327,2558,12019,1230,2332,3179.93
User_965,HDFC,Travel,16118,7670,4679,6799,8330,11939,5302,7115,7262,6043,3860.52
User_966,Kotak,Premium,16239,1166,776,14563,1381,2560,15177,18966,7202,9929,4742.35
User_967,Axis,Cashback,16353,658,16496,5729,8456,13066,3026,8303,7074,9233,3018.03
User_968,SBI,Travel,3783,16409,12302,8396,19303,14026,18640,11778,13742,19190,3570.78
User_969,ICICI,Rewards,3070,824,10221,6145,18829,14904,4986,2930,17729,13656,5589.52
User_970,HDFC,Premium,2519,16419,19204,18530,4409,8515,3920,15385,17240,7985,6549.85
User_971,HDFC,Premium,19965,19164,4631,11152,14879,15403,16413,19671,9970,17349,8036.74
User_972,HDFC,Cashback,18371,5097,5036,17209,10457,4662,803,5567,5524,8215,3133.74
User_973,HDFC,Rewards,11726,3131,13912,15537,12147,13069,2869,12159,1028,11002,6658.37
User_974,SBI,Premium,18547,2841,14419,15230,15756,5405,16039,15755,9384,9643,5294.76
User_975,HDFC,Premium,14752,9230,4425,8963,17912,1742,9284,10297,6906,14465,4034.24
User_976,Kotak,Premium,18324,4126,10574,17068,8531,3688,3445,7265,19358,11307,5052.01
User_977,Amex,Rewards,9852,5099,4813,2718,14286,18036,556,13033,643,7718,6815.76
User_978,SBI,Travel,1115,8562,12020,6477,11919,10280,11181,7484,5471,1444,2183.02
User_979,ICICI,Rewards,7578,18630,12812,6283,10251,7407,19810,17973,3457,19496,10694.03
User_980,ICICI,Premium,16847,4259,4763,10781,2402,3067,10690,8575,3494,5729,3754.05
User_981,SBI,Travel,13536,17714,548,4710,18062,15338,16538,8378,16954,15847,3398.7
User_982,SBI,Cashback,18661,13754,7880,2728,10314,9388,6891,9929,19290,1137,4176.67
User_983,SBI,Travel,10596,4087,1611,8867,1222,5366,10639,17586,2628,9618,1988.58
User_984,ICICI,Cashback,3017,18033,14728,14679,18762,10175,809,4452,19933,14371,4182.64
User_985,Amex,Cashback,515,17489,16505,14778,15317,10259,16164,6912,10696,9007,5532.39
User_986,SBI,Cashback,8335,2349,14087,2453,19653,13231,19930,7340,5566,2915,2879.44
User_987,Amex,Travel,16711,1263,17699,6755,17761,7673,11018,10752,12947,15589,4155.93
User_988,Amex,Travel,9895,12567,19707,5787,13961,13902,7933,11784,5326,4164,7334.43
User_989,HDFC,Rewards,997,8141,5143,5556,631,5943,17741,13943,9212,8721,6275.02
User_990,SBI,Cashback,6647,12088,5104,9952,18442,16899,4105,13784,2107,12209,2589.44
User_991,HDFC,Rewards,14041,7774,10435,16248,6906,12326,17972,1861,4973,7819,6590.33
User_992,Axis,Travel,9020,18070,4036,2273,10755,3058,5579,14841,10481,4024,5018.64
User_993,HDFC,Rewards,14197,19550,14106,13929,16539,7640,9285,15401,3780,2712,7105.44
User_994,Kotak,Travel,8578,16436,17497,14774,1368,17695,16542,15907,16754,2244,5555.56
User_995,HDFC,Cashback,12359,5923,5589,7108,10217,18353,19559,18397,5376,18335,6357.8
User_996,SBI,Travel,3624,2253,18496,3775,9247,12943,18933,1324,14380,11541,2581.11
User_997,ICICI,Travel,17376,5264,8766,11683,17212,13377,10482,9468,15139,5174,5659.77
User_998,Amex,Rewards,10195,16314,8879,1714,12138,11213,16477,12571,3636,7118,9217.91
User_999,ICICI,Travel,8465,10097,9208,7069,18375,5713,12381,4728,4909,1090,5279.96
User_1000,Axis,Premium,19940,19090,3208,6481,12721,17631,14285,7053,18381,1879,7002.24
